Firm_ID,Freelancer_ID,Score
1,1,0.07914718916643249
2,1,0.09669291936046097
3,3,0.08287307965536878
4,1,0.04267405582137211
5,1,0.08875025153374952
6,3,0.2542128337473055
7,1,0.09695020755673595
8,1,0.0
9,3,0.1902872710086122
10,1,0.08671965879455998
11,3,0.26283668312456704
12,1,0.0819151258504758
13,1,0.08779695078928074
14,1,0.10106894251379858
15,1,0.08643441318862252
16,3,0.2542128337473055
17,1,0.032368469780275286
18,1,0.032570804299503854
19,1,0.08257049150548151
20,3,0.3605549663003018
21,1,0.3028242799071387
22,1,0.16112982316576718
23,1,0.14251896976618184
24,1,0.04007709924401978
25,3,0.137115500271549
26,1,0.12544321316266482
27,1,0.0867072334191875
28,1,0.3340934365679088
29,1,0.06952620937336382
30,1,0.027668391633933045
31,3,0.24375674125793656
32,1,0.08097156560474483
33,1,0.2996710220069661
34,1,0.040930364557539275
35,1,0.1557100235765212
36,1,0.25739349318069366
37,1,0.07120043177972392
38,3,0.0674418137831789
39,3,0.15258215865725047
40,3,0.16556350830101885
41,1,0.20837612471433353
42,1,0.13791531798119938
43,1,0.08379561046050818
44,1,0.07248593029110934
45,3,0.08318168250774696
46,3,0.13509665464249399
47,1,0.1437225357893882
48,1,0.3097217322941094
49,1,0.2234363386442591
50,1,0.09546040492155297
51,1,0.4627729861511413
52,1,0.2097429080403635
53,3,0.10675967930268801
54,3,0.2695554682567057
55,1,0.24556573575378896
56,1,0.12137054495359798
57,3,0.12256274385446235
58,1,0.3335281699625561
59,1,0.05529770624963158
60,1,0.0764895158436697
61,1,0.1646083151408698
62,1,0.1448717108474007
63,1,0.09315346937528043
64,3,0.09372820145834009
65,1,0.17656628302097793
66,1,0.18949839019419806
67,3,0.25059670024249975
68,3,0.3334648096862791
69,1,0.058889079578887255
70,1,0.08459471039116503
71,1,0.18474973523071325
72,1,0.039825110638115974
73,1,0.11754270755509752
74,3,0.11609294966623264
75,3,0.24277067895427695
76,1,0.03830338779617384
77,3,0.07711584444871453
78,1,0.048898971124070635
79,1,0.15794206759496454
80,1,0.2669285231030878
81,3,0.1068160814399949
82,1,0.0416358039427641
83,3,0.13534366129564948
84,1,0.107778475665391
85,1,0.12459449374751504
86,1,0.048158311252493785
87,3,0.09123091200307636
88,3,0.12565971598199877
89,1,0.10961216736884448
90,1,0.07059556479454734
91,1,0.12417216963813493
92,1,0.07834394720817821
93,4,0.13953922661707055
94,1,0.1009215020412344
95,3,0.18002670417075806
96,1,0.13666959136326923
97,1,0.25781810045234865
98,3,0.17292770489540288
99,3,0.09842058213276894
100,1,0.04385912289917667
101,1,0.04385912289917667
102,3,0.12252506127749259
103,1,0.09285894333607725
104,1,0.16893571829660642
105,3,0.13666971660755864
106,3,0.12197529268053366
107,1,0.03988558702497323
108,3,0.17430199046430656
109,1,0.08005344876137689
110,1,0.09110118526721073
111,3,0.18854341474127884
112,1,0.036501661155211376
113,1,0.03898369998006198
114,1,0.1557100235765212
115,3,0.1794115232714379
116,1,0.21270541826892542
117,1,0.13270130850733228
118,3,0.2506643202662481
119,2,0.264804715477605
120,3,0.10312120752518762
121,1,0.14798691680753584
122,1,0.10347580062822989
123,1,0.2669285231030878
124,1,0.29241761179735454
125,1,0.03484845751103971
126,1,0.1353679289703756
127,1,0.0448583184618343
128,3,0.1898817430766154
129,1,0.30609706259706543
130,1,0.0765893070227332
131,1,0.1021541515497578
132,1,0.37256844386637955
133,1,0.08356444809930347
134,1,0.09571258013487935
135,1,0.2655809684937548
136,1,0.06734093756213524
137,1,0.09319701432347524
138,1,0.10350589592425291
139,1,0.03877476656286464
140,1,0.3015503373451196
141,1,0.15130346557129834
142,1,0.08161968509869416
143,1,0.054350712077086916
144,1,0.08599522465234874
145,3,0.2149855185853569
146,1,0.14887974920696517
147,1,0.31568570958869036
148,3,0.1505372711541549
149,3,0.21164631533537387
150,1,0.16744464891613098
151,1,0.17449023035835232
152,1,0.04279455323320873
153,1,0.0836588387695869
154,1,0.2272266420480777
155,1,0.0954126403570548
156,3,0.18711940077613856
157,1,0.2608017629212788
158,3,0.11592906832951422
159,1,0.1751151268494139
160,3,0.11879196777495972
161,3,0.12406677887075326
162,1,0.07106073526587713
163,1,0.2805735030578183
164,1,0.1519511525529651
165,1,0.03458149460783916
166,3,0.2072835827884532
167,3,0.22025585450921922
168,1,0.032107727406958844
169,1,0.27396026260674183
170,1,0.14410153480874582
171,1,0.07475570302024906
172,1,0.08136841755647457
173,1,0.04081229518826055
174,1,0.041102693968796324
175,1,0.11967008959240671
176,1,0.10231384720147296
177,1,0.14126197007541577
178,3,0.3169912895790792
179,1,0.04736792691268137
180,1,0.07879405381621646
181,3,0.42441606872777493
182,1,0.08761508481141479
183,1,0.19130596704119684
184,1,0.0346462834781575
185,3,0.22218148816039365
186,1,0.03586199646568941
187,3,0.08644254647354842
188,1,0.08845792422949231
189,1,0.3209141654385831
190,3,0.3329235840231381
191,3,0.2447840256563504
192,1,0.05694991388886698
193,1,0.3152583472428486
194,1,0.18291817556609535
195,1,0.2986299686095466
196,3,0.08758564774048451
197,1,0.1024250517786337
198,1,0.04629862701614351
199,1,0.07538566815718203
200,1,0.035728910607715686
201,1,0.04296075923525225
202,1,0.09426229775204335
203,3,0.18845855642956344
204,1,0.0814254157454587
205,1,0.19926242697835686
206,3,0.3046636850233014
207,1,0.3209141654385831
208,1,0.089484225815301
209,1,0.04007488340856945
210,1,0.04717853385119857
211,3,0.2216323548965921
212,3,0.25488160340929517
213,3,0.23282269581570436
214,1,0.04092666277124595
215,1,0.09555784419885416
216,1,0.038184268124808324
217,1,0.10986381956520523
218,3,0.1927529569000157
219,1,0.047446344234999605
220,1,0.03584352596264674
221,1,0.08928576554654152
222,1,0.051405592375670064
223,1,0.040104810498127176
224,1,0.04376735119641442
225,1,0.06870317327258144
226,1,0.08724311103250021
227,3,0.17882755989363486
228,1,0.036093790050817164
229,1,0.06955209249735503
230,1,0.05032022570824055
231,3,0.25731910877884695
232,1,0.07687285209189654
233,1,0.22026332439697033
234,3,0.1042998893408209
235,1,0.03574726538981665
236,3,0.20556713239587882
237,1,0.24194141259200191
238,1,0.10468128986938076
239,3,0.11879473092800143
240,1,0.24938740316680846
241,3,0.2469981842065742
242,1,0.2909919740447646
243,1,0.17879092778631206
244,1,0.23269427535706738
245,1,0.1012759259426824
246,1,0.10241944150318971
247,1,0.1655842383532442
248,1,0.11054677670400531
249,1,0.09851090291020774
250,1,0.07554527214213222
251,1,0.2756201214065195
252,3,0.1019852017845301
253,1,0.07321573379108336
254,3,0.13642600600588486
255,4,0.13773760243021
256,3,0.17413249366297134
257,1,0.028328107761143764
258,1,0.041070715809687144
259,3,0.12111888263681732
260,1,0.15866868324598002
261,1,0.18898428874932885
262,1,0.06594867757021411
263,1,0.044828647928470064
264,1,0.039052107394545545
265,1,0.11386117177394274
266,1,0.21456424005719665
267,1,0.043173670231715595
268,4,0.15092945538056435
269,3,0.2454306846009342
270,1,0.0946718792355611
271,1,0.06554144917375354
272,1,0.040508376496589824
273,1,0.3715715083110963
274,1,0.03789231154336972
275,3,0.5165446617637315
276,1,0.07544835436877909
277,3,0.12079798541996112
278,3,0.33591518755693694
279,3,0.12795988245424278
280,1,0.060522406639654344
281,1,0.1619879402516882
282,1,0.0730762218165989
283,1,0.12682236338128772
284,1,0.33736092502191906
285,1,0.08514243500230931
286,1,0.14433322124004314
287,3,0.08521648503642264
288,3,0.08238970643352946
289,1,0.195920355225126
290,1,0.0838908550911331
291,1,0.044743289292474744
292,1,0.23684542548096893
293,1,0.08031902052881118
294,1,0.039989783039110965
295,1,0.16556436076782324
296,3,0.11647748756491545
297,1,0.06589223805400743
298,1,0.2622839655356002
299,1,0.0484303660914025
300,3,0.22968544080093295
301,1,0.318420433724949
302,1,0.03543348533639167
303,3,0.2196111061491962
304,1,0.044810886357947916
305,1,0.2853552714387524
306,1,0.2088022384070248
307,1,0.11229938143550389
308,1,0.06543409243097265
309,1,0.14741765245100674
310,1,0.12112679947885273
311,4,0.13281332695581577
312,3,0.14096734120655885
313,3,0.1656510877357511
314,3,0.2050607132259138
315,3,0.22811798143589163
316,1,0.09403900471155505
317,1,0.1772627753188064
318,3,0.23422636007858239
319,1,0.2902062386661062
320,1,0.35871378159294875
321,1,0.08677331323886922
322,1,0.06462494766236396
323,1,0.03630444324337113
324,1,0.04653971982208671
325,1,0.32185648333797584
326,3,0.11389859277768839
327,4,0.1642831305631623
328,1,0.09142933418115005
329,1,0.2291844726558611
330,1,0.263120405046299
331,1,0.24997946327698906
332,1,0.06412564305446836
333,2,0.264804715477605
334,1,0.089484225815301
335,3,0.23425549571915658
336,1,0.10502717612382756
337,3,0.22358472295697632
338,1,0.07197304634104032
339,1,0.18531530608157998
340,4,0.11810918907560937
341,1,0.041677749615003146
342,3,0.27123313025707363
343,1,0.04053967077305659
344,1,0.09262285570248252
345,1,0.04735744163190904
346,3,0.10619967784513197
347,1,0.04692990998609276
348,1,0.21687898658935614
349,1,0.028762234079886602
350,1,0.0391580695898759
351,1,0.20927296697755016
352,3,0.29903790933910235
353,1,0.3137661545775765
354,1,0.10108298568892607
355,3,0.15922352032738485
356,1,0.2495615801167915
357,3,0.23103048611133653
358,1,0.10692257223142225
359,3,0.16517077707758243
360,1,0.03833574853752614
361,1,0.3336275691125492
362,3,0.21255998201058418
363,1,0.10345127178729487
364,1,0.043481068706829246
365,3,0.09432425082934966
366,1,0.08768064294700528
367,1,0.11393085531673987
368,1,0.23668551036347257
369,1,0.17143963285423364
370,3,0.11974653565490395
371,1,0.031388383350593296
372,1,0.361490606745277
373,1,0.08153540730154968
374,1,0.037689579708339055
375,1,0.035547497505049735
376,1,0.06905261781466136
377,3,0.2634721474952845
378,1,0.04053967077305659
379,1,0.14134901644489056
380,3,0.19074324917783925
381,1,0.1330621389014645
382,1,0.08683449076584851
383,1,0.2417414980040222
384,1,0.10707373712840923
385,3,0.08067946784844497
386,1,0.04331373427587533
387,1,0.19661277581829545
388,3,0.34065991484844366
389,1,0.3708816284690512
390,3,0.0640573993385456
391,1,0.27175763097968386
392,1,0.0775608396874854
393,3,0.19526737241762915
394,1,0.09886418576486257
395,1,0.15012262755285294
396,1,0.08385981625779886
397,1,0.04432612158433401
398,1,0.08013588711622943
399,1,0.05288870634348434
400,1,0.07546554681275888
401,1,0.3408295270207491
402,3,0.08333921230971279
403,1,0.16018975347345968
404,1,0.04119949697051327
405,1,0.04018307284397994
406,1,0.3021167439900673
407,1,0.33736092502191906
408,1,0.18493398451612003
409,1,0.04090136089151305
410,1,0.030713677050326113
411,1,0.07979706607476061
412,1,0.2120060568836508
413,1,0.07474337015796328
414,3,0.08188627009048874
415,1,0.1081932385782884
416,1,0.10257664271968442
417,1,0.4078367042325396
418,1,0.0448583184618343
419,3,0.2571204136912601
420,1,0.14319215753493764
421,1,0.055100181464240845
422,1,0.07400506620878902
423,1,0.3086842069159417
424,1,0.04287642156673395
425,3,0.0883830839788877
426,1,0.032606899883877986
427,1,0.10544693465383397
428,1,0.088553607035397
429,1,0.173823287742077
430,4,0.008718662902539021
431,1,0.0870117940809143
432,1,0.04542718622861634
433,3,0.12772499453219646
434,3,0.16980347594755502
435,1,0.09382335312530099
436,3,0.14801151438895951
437,1,0.09185921721593229
438,1,0.1579071482397539
439,1,0.13125499713249805
440,1,0.08965255147437323
441,3,0.30801840580165407
442,3,0.17952991028875606
443,1,0.11808611337440007
444,3,0.27944909208568103
445,3,0.0892388510560741
446,3,0.18606450440976124
447,1,0.0473544791830854
448,1,0.10807922217757727
449,1,0.04410909726167969
450,1,0.04422864298680827
451,1,0.08452271720527904
452,1,0.11398843238184446
453,1,0.03792331408011075
454,1,0.042642411544661224
455,3,0.08725507123933482
456,3,0.24650517500627167
457,3,0.22028184752707977
458,1,0.03579025020755798
459,1,0.0835893822456592
460,1,0.04774852762152286
461,1,0.0404202571968222
462,1,0.046365725680892214
463,3,0.14933107605633422
464,1,0.07016913074208973
465,3,0.09767594357829362
466,4,0.15665559543619878
467,1,0.14217250965782288
468,3,0.13986303638315045
469,1,0.1841462838350148
470,1,0.043957397239460266
471,1,0.26161294364548887
472,1,0.0993019627963053
473,1,0.08629206309443638
474,1,0.2190474415148091
475,1,0.057613427430907874
476,1,0.2732088509349566
477,1,0.1754018322330826
478,1,0.0486883011592346
479,3,0.11886034181411834
480,1,0.10989206773757447
481,1,0.05134538754160692
482,3,0.12632087156081295
483,3,0.10504156382814422
484,3,0.13190291270447949
485,3,0.20979276561378224
486,1,0.2515145374113049
487,1,0.0473544791830854
488,1,0.02924923021900836
489,1,0.2671178635163066
490,1,0.17300297443934373
491,1,0.2938821501959211
492,1,0.0927620610071408
493,1,0.13494133858468016
494,1,0.2479393331779326
495,1,0.08108377627018279
496,1,0.24754048616808608
497,1,0.2103993758498916
498,1,0.13816587714368012
499,1,0.3681099259734343
500,3,0.19005042668271704
501,1,0.3313008601740736
502,3,0.19301346600670585
503,1,0.025985625191221783
504,1,0.07848888721885752
505,1,0.23765833989295018
506,1,0.29134866115772645
507,1,0.07380537582644431
508,3,0.07956935627244967
509,1,0.06283190249498079
510,1,0.27921339280424645
511,1,0.128752153212524
512,3,0.07938159026264224
513,1,0.10586835257387353
514,1,0.036293090926851485
515,1,0.0
516,1,0.19393260214609925
517,1,0.039290733281298826
518,1,0.03929176545172177
519,1,0.08675941983346849
520,1,0.2647990123039752
521,1,0.04814293643931436
522,1,0.07939640985450538
523,1,0.30168640871938524
524,1,0.05678447251768529
525,1,0.1952556930165436
526,1,0.08435950708050308
527,3,0.42465403375404187
528,3,0.265981059325852
529,1,0.02586593272658665
530,1,0.0993019627963053
531,1,0.02859835437983409
532,1,0.2461440538486543
533,3,0.2126921664529175
534,3,0.268310393045804
535,1,0.049958164864042434
536,3,0.06439298325171891
537,1,0.28724510251890856
538,1,0.03535565861631669
539,1,0.3096750606647807
540,2,0.22905293389156375
541,1,0.282350383872672
542,1,0.33495580755778614
543,1,0.11723151534505491
544,3,0.16899281801056443
545,1,0.08048357641327926
546,3,0.1423043636766358
547,3,0.08354833627879225
548,1,0.08675941983346849
549,2,0.20865443686699456
550,1,0.1702422387120122
551,1,0.03983355309483599
552,2,0.2628057468333042
553,2,0.33552849463066636
554,3,0.08203079397442795
555,1,0.03590460257891114
556,1,0.12875997880425058
557,1,0.08090194584002619
558,1,0.3251156707734918
559,3,0.20997721304089995
560,2,0.22167656232945426
561,1,0.2508675557449213
562,1,0.19544755496334149
563,3,0.17302912167269388
564,1,0.3293139164355494
565,3,0.24956609608403474
566,1,0.10275414512000905
567,1,0.05459766672277541
568,3,0.23032442310779774
569,3,0.10913640903188253
570,1,0.11074092509932265
571,1,0.13270130850733228
572,1,0.10000750785146925
573,3,0.18946158720319684
574,1,0.20643397837825878
575,1,0.09546052921073112
576,1,0.1073930034301315
577,3,0.08484294685309962
578,1,0.3494907399122008
579,3,0.39764694960479235
580,1,0.0726982279685473
581,1,0.10296758923407787
582,3,0.28224188521860416
583,3,0.15254361312777093
584,3,0.1454847152760628
585,3,0.268310393045804
586,1,0.08088032787400588
587,1,0.31554035336375996
588,1,0.3092061988194508
589,1,0.06874244068741381
590,1,0.17234195835100835
591,3,0.22195830774377034
592,3,0.1454847152760628
593,1,0.14826258750993426
594,1,0.31554035336375996
595,1,0.22168472168538866
596,1,0.033954844471228006
597,1,0.05249749566200221
598,1,0.07698387758853023
599,1,0.03626304921683969
600,1,0.13083204641448548
601,1,0.0993019627963053
602,1,0.2278392686570827
603,1,0.08149479906818238
604,3,0.10278331976174304
605,1,0.06209321676661777
606,1,0.037828904930697044
607,1,0.3494907399122008
608,1,0.03761901281087869
609,3,0.28224188521860416
610,1,0.04111742439452773
611,3,0.3699757001748098
612,1,0.2860162634135321
613,1,0.03702452658667939
614,3,0.2176751152440201
615,1,0.23581327155132006
616,1,0.036808892034821634
617,1,0.31554035336375996
618,3,0.1423043636766358
619,1,0.11910789878486902
620,1,0.09238488973804376
621,1,0.14276723340654526
622,1,0.2527403753206965
623,1,0.0993019627963053
624,1,0.03706700151755694
625,2,0.20865443686699456
626,1,0.048601837605117965
627,1,0.24424641063491306
628,3,0.21354724496491298
629,1,0.0931124243813122
630,1,0.17899040256908322
631,4,0.13112003759740926
632,2,0.2628057468333042
633,1,0.042588880623015336
634,1,0.03974247290382307
635,1,0.3739875999077692
636,3,0.16431254858386374
637,1,0.3494907399122008
638,1,0.2727385296037315
639,1,0.24592971312607184
640,1,0.36250774158086274
641,1,0.08389116726030484
642,1,0.17000791455713707
643,1,0.39308257858055623
644,1,0.21875457344728744
645,3,0.2737073193493481
646,1,0.20880050474613487
647,1,0.09255468885169751
648,1,0.12376748472915272
649,3,0.24236313922638517
650,1,0.2693412862561313
651,1,0.043430087579551926
652,1,0.06669475518193041
653,1,0.042708377790472374
654,1,0.03429559051076761
655,4,0.15314408300312882
656,1,0.21492561072301491
657,1,0.12010544250276545
658,3,0.1482195740374037
659,1,0.3290949035978333
660,1,0.03819509026523904
661,1,0.03917684720658609
662,3,0.10095373466861245
663,1,0.08136784817653908
664,1,0.19472322043270085
665,1,0.1936290160886007
666,3,0.07167873736553505
667,1,0.12688713936722987
668,1,0.03712468446164756
669,1,0.1119614397074711
670,4,0.012423235085769058
671,1,0.3200909537452995
672,1,0.03672172109323206
673,3,0.18130781783794803
674,1,0.08661957578580365
675,1,0.09081162506015442
676,1,0.032096523661397744
677,1,0.15399188861924135
678,1,0.08177253178827446
679,3,0.19933687695726068
680,1,0.1912995596165364
681,1,0.09404754512425356
682,1,0.15399793239198392
683,1,0.09128961083073102
684,1,0.04101639126023142
685,1,0.25564391787915486
686,3,0.2669476248005406
687,3,0.2024099811269534
688,1,0.2693412862561313
689,1,0.07296312678916614
690,3,0.36531287796377165
691,3,0.21600989751951072
692,1,0.12795028509849868
693,1,0.06288645353568717
694,1,0.22082841329929231
695,1,0.2704036938501291
696,1,0.18726697053971464
697,1,0.20315351725785816
698,1,0.04516004032709667
699,1,0.040930364557539275
700,1,0.1338087186328499
701,3,0.1955576050544543
702,1,0.22324996822952087
703,1,0.04133314228610215
704,3,0.3534750937605318
705,1,0.04512575759057174
706,1,0.06773634338879223
707,3,0.15416451641381937
708,1,0.12148502860254189
709,1,0.04501270908344895
710,3,0.20193683040909316
711,3,0.3644349853175647
712,1,0.06212358338176579
713,3,0.20369814412555914
714,1,0.04152045493904802
715,3,0.19067570692476368
716,1,0.05908805259317366
717,1,0.08275386104911348
718,1,0.0919694841003505
719,1,0.0448583184618343
720,1,0.18804577851093707
721,3,0.22004016041900898
722,3,0.12361445486054237
723,3,0.2176751152440201
724,1,0.041892702567830876
725,1,0.15126807094092956
726,3,0.20684311037100583
727,1,0.06158906855347561
728,1,0.12803403734850166
729,1,0.06311056137843235
730,1,0.03836551285814828
731,3,0.30248147187001984
732,1,0.03608615599336616
733,1,0.08602893443865431
734,1,0.2765855312388667
735,1,0.04983928626899538
736,1,0.13153335674423672
737,1,0.2869365672569991
738,1,0.06677699849516261
739,3,0.13598475771481477
740,1,0.2075688126145616
741,1,0.056819188503676274
742,3,0.0717925504252359
743,3,0.27402871829141984
744,1,0.034877463750347476
745,3,0.2766859028258971
746,1,0.04983928626899538
747,1,0.13825865024509398
748,3,0.07415096774856852
749,3,0.17865478724709188
750,1,0.31212986423519296
751,1,0.04268743860700937
752,3,0.14406607598097815
753,1,0.28705154648507114
754,1,0.23036935112406745
755,1,0.039042194144107256
756,1,0.03261548198793035
757,1,0.04378066092414383
758,1,0.09587219494626015
759,1,0.022978899722792014
760,1,0.08480280952967949
761,3,0.1992190664351826
762,1,0.08986781268384098
763,1,0.08382579898497644
764,1,0.07496755581918009
765,1,0.2048810082995162
766,1,0.036057350206096926
767,1,0.1268323763887007
768,1,0.123743787163728
769,3,0.17674365510296625
770,1,0.1261662444644456
771,3,0.2339890476542843
772,1,0.09085271483959087
773,1,0.3449966691166898
774,1,0.03708684263442931
775,1,0.14508963662605334
776,1,0.08272067363073644
777,3,0.07356171082092802
778,1,0.08989848842944363
779,1,0.10592413226590203
780,3,0.26559208648077465
781,1,0.12942576384535417
782,1,0.29756260620688774
783,1,0.09779040291479979
784,1,0.076633596912254
785,3,0.08499530823931611
786,3,0.08606957286849796
787,1,0.11421568633671847
788,1,0.1900259454619611
789,3,0.18262668933686127
790,1,0.2629194269937526
791,1,0.17787872185893228
792,1,0.07324366499841996
793,3,0.20139107858252642
794,3,0.2210615084806034
795,3,0.08339899273696999
796,1,0.3825960914346328
797,1,0.0448583184618343
798,1,0.0
799,3,0.09457733760853612
800,1,0.4341793688145754
801,1,0.4090982948641818
802,1,0.09195630233303204
803,1,0.0820962075743813
804,3,0.2024360116344828
805,1,0.11754270755509752
806,1,0.07804693036137933
807,1,0.03859642257598354
808,1,0.03830338779617384
809,1,0.07703245734700882
810,1,0.061457961239346104
811,1,0.1582548220389914
812,1,0.09016393658864183
813,1,0.2527403753206965
814,1,0.0
815,1,0.03507436618952344
816,3,0.12565971598199877
817,1,0.04914506881493694
818,3,0.11231229768626455
819,1,0.2786746404325013
820,1,0.03785908848788036
821,1,0.032107727406958844
822,3,0.2506643202662481
823,3,0.22614523188085847
824,2,0.264804715477605
825,1,0.2533312205569437
826,3,0.11609294966623264
827,1,0.0915943715870982
828,1,0.043666211417537903
829,3,0.21445891435414827
830,1,0.22464054807490325
831,1,0.13449230979371352
832,1,0.25345617837053536
833,1,0.037897179543839185
834,1,0.31206718550374146
835,1,0.0895822111426511
836,1,0.03281817104517326
837,3,0.09506525349387465
838,1,0.035728910607715686
839,4,0.13399598835717685
840,3,0.2258222721996212
841,1,0.08964280874113595
842,3,0.06846685979736393
843,3,0.09588099283911228
844,3,0.26385555078717576
845,1,0.1729552083162053
846,1,0.11938963884144999
847,1,0.034232893676295686
848,1,0.038384224852155195
849,1,0.10105447656765451
850,3,0.22647261844985872
851,1,0.09198044964279065
852,1,0.033183465177271526
853,3,0.22921397926576542
854,3,0.20442910669942224
855,1,0.14682143559764724
856,1,0.3209141654385831
857,1,0.08644430589273916
858,1,0.17004040847050306
859,1,0.03235080518795107
860,1,0.29839364810737645
861,1,0.15695425407477098
862,1,0.1693527550075034
863,3,0.35376152267118255
864,3,0.21871344369979961
865,4,0.14833105940504648
866,1,0.03663396232702591
867,1,0.1023450608459911
868,1,0.08912853318722704
869,3,0.25757904994592307
870,1,0.07161049991276655
871,1,0.13750577959209753
872,1,0.20747826035851638
873,1,0.07024555539090625
874,1,0.09002163784369158
875,1,0.3720328176504042
876,1,0.13154976354595643
877,1,0.08186906446563051
878,1,0.03762242647110435
879,3,0.25225522384771826
880,3,0.3073799487115547
881,3,0.20490256045752667
882,1,0.12949886489847143
883,3,0.18812774895794077
884,1,0.3644529608494568
885,3,0.11898016262793347
886,1,0.035233903196601704
887,1,0.3049134097395154
888,1,0.10193814798257739
889,1,0.274998674301701
890,1,0.03119312854980979
891,1,0.2678412847635947
892,3,0.15191438393102763
893,3,0.26307251928239317
894,1,0.04153265117418571
895,1,0.2704062458010473
896,3,0.08093516743138797
897,1,0.20532405912439325
898,1,0.12447052551150017
899,1,0.0774692217040383
900,1,0.12535510803565963
901,1,0.17085487360151536
902,3,0.2362825686273153
903,1,0.13693149316862824
904,1,0.1333891979887405
905,3,0.28791564921633456
906,1,0.051405592375670064
907,1,0.2608017629212788
908,1,0.08813728551430919
909,1,0.07347926386063693
910,1,0.14459130862329128
911,2,0.24404680387834485
912,3,0.1968943580255273
913,1,0.044928965426100774
914,3,0.2509273424860947
915,1,0.08076114627579184
916,3,0.16146033648892605
917,1,0.03149218995735455
918,3,0.14834822275441148
919,1,0.3358395025904738
920,3,0.19530226677322854
921,1,0.06658538173393791
922,1,0.11330444716634691
923,3,0.20477982166251113
924,1,0.07203427360393114
925,1,0.0805911132560738
926,1,0.07859876819459986
927,1,0.27125351827137634
928,4,0.1358173504842219
929,1,0.13366858886369237
930,1,0.285367156779476
931,1,0.09050292334958418
932,3,0.1563263264105053
933,3,0.08809773032724044
934,1,0.2810637055334321
935,1,0.045258008285250194
936,1,0.03756338862161099
937,1,0.18409208730665227
938,3,0.21302251219796647
939,1,0.288027657924948
940,1,0.07937575769797692
941,3,0.15082620173355196
942,1,0.17564285084308848
943,1,0.10032244603488835
944,1,0.34655245569561055
945,1,0.18252767346209353
946,3,0.30374565832914513
947,3,0.3932424980402574
948,3,0.2817885301313251
949,1,0.1902468202856632
950,1,0.07576540671651492
951,1,0.24140309957115122
952,1,0.030814993388006567
953,1,0.0403982735114793
954,3,0.11934589922133133
955,1,0.03585695000695298
956,1,0.0
957,1,0.09166109121869692
958,1,0.0481348595541487
959,1,0.2140205135425637
960,3,0.19366828116402174
961,1,0.10117082487277504
962,3,0.19408252738626164
963,1,0.1303912540909848
964,1,0.029913092161609242
965,3,0.20802628693776887
966,3,0.19943126493829158
967,1,0.20994034569285816
968,1,0.263120405046299
969,1,0.0931428454402097
970,1,0.11095377484787318
971,1,0.07398005233307961
972,1,0.17647697191736036
973,1,0.08505146338559831
974,4,0.012423235085769058
975,1,0.33568345526906246
976,1,0.0989570357078009
977,1,0.17683972589626157
978,1,0.21458681215910486
979,1,0.042943079212935054
980,3,0.15846779069112882
981,1,0.06378928965699927
982,1,0.036509357125284254
983,3,0.08357338498177017
984,1,0.3955950705380231
985,3,0.21400727337183048
986,1,0.10174298149731276
987,1,0.15755076503677323
988,1,0.11326123264098235
989,1,0.08288393201138186
990,1,0.11782415784622062
991,1,0.0775608396874854
992,1,0.1163315993570423
993,3,0.3436069695504422
994,3,0.21245916339473253
995,1,0.04053794198655006
996,1,0.02965832366699955
997,1,0.10661023974823149
998,1,0.05852937154565779
999,1,0.16120365258372465
1000,1,0.22469030387523922
1001,3,0.329998428624594
1002,3,0.10773328436685264
1003,2,0.23939065362465842
1004,3,0.18167501890963703
1005,1,0.03215814753221628
1006,1,0.03307129632382736
1007,1,0.16808924920622087
1008,1,0.17692373937536876
1009,1,0.04123977993349526
1010,1,0.1360614132642668
1011,1,0.10427078411420637
1012,1,0.07678417482340529
1013,1,0.03856389808932532
1014,1,0.03700036086078928
1015,1,0.16112982316576718
1016,1,0.042042486524227984
1017,1,0.30552239596800346
1018,1,0.08161968509869416
1019,1,0.2459283281646913
1020,1,0.07979706607476061
1021,1,0.03892717153834717
1022,3,0.24375674125793656
1023,1,0.07470936739470857
1024,1,0.09427078977144684
1025,3,0.22037562780493808
1026,1,0.21592000984294885
1027,3,0.09961008444375175
1028,1,0.15827596158940566
1029,1,0.07511789147917211
1030,1,0.20290036699281466
1031,1,0.21885147679369032
1032,1,0.12505202653996675
1033,3,0.17434323483006192
1034,3,0.12583235549580077
1035,1,0.0341872204218978
1036,3,0.35704032119111906
1037,3,0.09893445687475862
1038,1,0.08966790475352598
1039,1,0.22859638564560758
1040,1,0.05553955994254776
1041,1,0.12338573169501303
1042,3,0.08543810752199874
1043,1,0.10707373712840923
1044,1,0.4056030126092575
1045,3,0.10439576555774582
1046,1,0.16256020945973793
1047,3,0.17724411841981136
1048,1,0.08007504104785253
1049,1,0.08931434127692514
1050,3,0.11974653565490395
1051,1,0.2942296630423985
1052,1,0.25711873627869986
1053,1,0.21124796099336363
1054,1,0.12565926472592737
1055,1,0.049109074236845816
1056,1,0.18029551224727758
1057,1,0.15443405445552988
1058,3,0.3124138991341524
1059,1,0.3292701723143262
1060,1,0.08221654970017396
1061,1,0.21382264553734648
1062,1,0.043406304341206584
1063,1,0.1147646675201907
1064,3,0.08389771539485703
1065,3,0.2362825686273153
1066,3,0.09883007240581167
1067,1,0.03069354599424659
1068,3,0.33126767804162005
1069,1,0.07391250947283685
1070,1,0.10242489657124798
1071,1,0.04216049082075522
1072,1,0.05321859378829308
1073,1,0.045082914109935535
1074,1,0.0993019627963053
1075,1,0.13315526558648594
1076,1,0.33712878939403673
1077,1,0.2311888722315764
1078,1,0.0406608676006963
1079,1,0.04931106407719896
1080,3,0.207622941936782
1081,3,0.10504156382814422
1082,1,0.08081170761954767
1083,1,0.16302395636364314
1084,1,0.24870880018645675
1085,1,0.07519929027749256
1086,1,0.2230383991730784
1087,3,0.15836117891351534
1088,1,0.13449230979371352
1089,1,0.3340934365679088
1090,1,0.12023929228935415
1091,1,0.16726150737069143
1092,1,0.045710646461765
1093,3,0.09526495379724127
1094,1,0.05134538754160692
1095,1,0.07594270788209904
1096,1,0.12477421997961302
1097,1,0.04151665244364622
1098,1,0.08459448608847153
1099,1,0.1260972004262865
1100,1,0.1543630111531557
1101,3,0.2685237274387451
1102,1,0.02924923021900836
1103,1,0.18867027064995837
1104,1,0.2445232831892592
1105,1,0.09423474881466423
1106,1,0.030119299451893962
1107,1,0.043671079015397705
1108,1,0.030989908170442178
1109,1,0.08150390429499321
1110,3,0.20910086162421582
1111,1,0.13136351761953916
1112,1,0.29436372243966646
1113,3,0.11698202902993028
1114,1,0.0629071707021471
1115,1,0.20378181376413168
1116,1,0.2334730892330055
1117,3,0.22647697026774635
1118,1,0.25461217491887883
1119,1,0.0993019627963053
1120,1,0.3355916783067703
1121,1,0.05795366075608083
1122,3,0.21381836101205293
1123,1,0.2732814069138272
1124,3,0.25679113584420543
1125,1,0.04622132235816383
1126,1,0.07904989061075515
1127,1,0.24230789910148914
1128,1,0.08380873139650061
1129,1,0.12339132030567182
1130,1,0.05810829774004242
1131,1,0.130920728823037
1132,1,0.16370431378638403
1133,3,0.2700032446200418
1134,1,0.2718773939598632
1135,3,0.3192207654605612
1136,2,0.20240473769503525
1137,3,0.09588198458224323
1138,3,0.367261868879569
1139,3,0.35806372885890436
1140,1,0.1107102197073559
1141,3,0.172184948275714
1142,1,0.08243495786152133
1143,3,0.17738969367520208
1144,3,0.2725270861419375
1145,3,0.26559208648077465
1146,1,0.03714717532746017
1147,3,0.09029210057955822
1148,1,0.42389627514064054
1149,1,0.061624779480074124
1150,3,0.21531262056855127
1151,3,0.08536459608647612
1152,1,0.13889177364651298
1153,3,0.08213050874442628
1154,1,0.2808656717355974
1155,1,0.09676552538725183
1156,4,0.009683570396723278
1157,1,0.19544755496334149
1158,3,0.19143539915419888
1159,1,0.0386110786514258
1160,3,0.11091938757830054
1161,1,0.21502063957438142
1162,1,0.19221594212979976
1163,3,0.14959115436633413
1164,3,0.15839317668053363
1165,1,0.07902349156381862
1166,1,0.3040678396631251
1167,3,0.17460594778027227
1168,1,0.3049483435147855
1169,1,0.11881358043986763
1170,3,0.16166789043599042
1171,1,0.11881209774793261
1172,1,0.2718890683178392
1173,1,0.034640594197731356
1174,1,0.04110026859637876
1175,1,0.089484225815301
1176,3,0.3111285917891238
1177,3,0.26753701394625085
1178,1,0.15616551410217955
1179,3,0.24574835766948738
1180,3,0.12558855652221462
1181,1,0.042198949551128795
1182,1,0.08459448608847153
1183,1,0.23115090496575097
1184,3,0.12463218844692814
1185,3,0.23732402339995043
1186,1,0.10705638231795395
1187,1,0.0360191036074969
1188,4,0.19397131947537471
1189,1,0.03245427176155868
1190,3,0.20314275828163605
1191,3,0.20028633226196182
1192,4,0.1781556228123905
1193,1,0.30114485721450396
1194,3,0.0717925504252359
1195,1,0.14520352836080214
1196,1,0.04598035985668136
1197,1,0.28397579578217763
1198,1,0.12107479484519776
1199,1,0.04292351604855131
1200,1,0.0993019627963053
1201,1,0.2251939522024675
1202,1,0.25522535415122977
1203,1,0.0931124243813122
1204,1,0.13270130850733228
1205,1,0.12170395231992288
1206,1,0.20324112782681653
1207,3,0.13042128954908416
1208,1,0.08048357641327926
1209,1,0.04087775704578141
1210,1,0.39193833535099365
1211,1,0.057223868085396125
1212,1,0.05132072146762957
1213,3,0.22195830774377034
1214,1,0.08311946039526644
1215,1,0.094748766914451
1216,1,0.04011163410538342
1217,1,0.13533687710514525
1218,1,0.3258818762404254
1219,1,0.1375534992388429
1220,1,0.1124359192029317
1221,1,0.08246929078700638
1222,1,0.08364709904259288
1223,1,0.08163961964338423
1224,1,0.0486127180946159
1225,3,0.16914722006499627
1226,1,0.12079120205844258
1227,1,0.04769911663564
1228,1,0.03883192415781282
1229,3,0.21354724496491298
1230,1,0.25902353277214457
1231,1,0.07788343351081353
1232,1,0.09098047566537856
1233,1,0.0316257227345927
1234,1,0.09329349728495484
1235,1,0.2796039241639625
1236,1,0.09689641701293714
1237,1,0.12756695707558252
1238,3,0.23428913334426166
1239,1,0.17000791455713707
1240,1,0.11367844597936273
1241,3,0.440204100739466
1242,3,0.3174925691925604
1243,1,0.09086914056636974
1244,1,0.2512187840570611
1245,1,0.24924738120885614
1246,1,0.24592971312607184
1247,3,0.1276798722259323
1248,1,0.16863388541144775
1249,1,0.2683344516024329
1250,3,0.09677937017448264
1251,1,0.07449032914509818
1252,3,0.08425214565734504
1253,1,0.06050059691658132
1254,1,0.26876945652753786
1255,1,0.10953937061537303
1256,1,0.03987202007089527
1257,1,0.02998923467242237
1258,1,0.04888587170868821
1259,1,0.2618829358859862
1260,1,0.17250413986683308
1261,1,0.058394801489640304
1262,1,0.15614629397565208
1263,1,0.09359142033603887
1264,1,0.12386907672939268
1265,1,0.04198147115498021
1266,1,0.0869015030146229
1267,1,0.05892775779972635
1268,3,0.08819292338280783
1269,3,0.2705018139683663
1270,1,0.11228465134936466
1271,1,0.03669069689595232
1272,3,0.1540144896797211
1273,1,0.10902272972943633
1274,1,0.3394793453484424
1275,1,0.24012920451544906
1276,3,0.1748079750996256
1277,2,0.27596316678199917
1278,1,0.2516496108913751
1279,1,0.20653308080439658
1280,3,0.21698945871593192
1281,1,0.08181544660699586
1282,3,0.1406189092690387
1283,3,0.08977665494714612
1284,1,0.05304297551952236
1285,3,0.3631445356479063
1286,1,0.12193113077893769
1287,1,0.17146479489047972
1288,3,0.12226606229965614
1289,1,0.03577345332556021
1290,1,0.07491573913214467
1291,3,0.2228877144548546
1292,1,0.2936458725012515
1293,3,0.15407092607699888
1294,1,0.08134197198723168
1295,1,0.04851158281871001
1296,1,0.030757694010724694
1297,1,0.136155917983944
1298,1,0.03893696194056323
1299,1,0.03624894319067093
1300,3,0.10864628899293326
1301,1,0.1746920945994955
1302,3,0.18860626645121975
1303,3,0.0778443415933377
1304,1,0.11106205271592834
1305,3,0.08607009183384651
1306,3,0.13928320789456344
1307,1,0.09262285570248252
1308,1,0.07283086918001042
1309,1,0.1465006135657275
1310,1,0.03316961270954931
1311,1,0.03883310259087355
1312,1,0.03979378709752709
1313,1,0.3608404282602784
1314,3,0.05422292549990635
1315,1,0.057298569969677526
1316,3,0.11967609103765471
1317,1,0.2271884738757063
1318,1,0.27752182207226483
1319,3,0.21584829672835695
1320,1,0.1141621600496514
1321,1,0.07456900187934482
1322,3,0.3174925691925604
1323,1,0.09872414963298917
1324,1,0.23191792453035254
1325,3,0.16852844261035513
1326,1,0.04833984723538029
1327,3,0.35357888290955886
1328,1,0.03976351122841364
1329,3,0.11961898380059799
1330,1,0.1119614397074711
1331,3,0.3870071601177586
1332,3,0.35738351960014664
1333,1,0.21875457344728744
1334,3,0.2737073193493481
1335,1,0.185850656549285
1336,1,0.14087934054631546
1337,4,0.13868667159368228
1338,1,0.03996790913788302
1339,1,0.12052369739037222
1340,1,0.038970910511755615
1341,1,0.08361661806972456
1342,1,0.19551921681536183
1343,3,0.1468557270565166
1344,1,0.19368205232095476
1345,1,0.0888353456426218
1346,1,0.040930364557539275
1347,1,0.06050059691658132
1348,1,0.10414823125779005
1349,1,0.314815841148267
1350,1,0.130170072343421
1351,1,0.07190127287353237
1352,1,0.1543630111531557
1353,3,0.13129238208891233
1354,1,0.04180607392179519
1355,1,0.11064316414594001
1356,1,0.12766061647639254
1357,3,0.28478232434759837
1358,1,0.04519543842730209
1359,1,0.20664878880406626
1360,1,0.07160072870883198
1361,1,0.04147925292510603
1362,3,0.23140028115221944
1363,3,0.15795342889708808
1364,3,0.1971051320210556
1365,3,0.1118554433661478
1366,1,0.23674219066202573
1367,1,0.10837662573286119
1368,1,0.047670603170961015
1369,1,0.03928134355146998
1370,4,0.014725717323805437
1371,3,0.07167873736553505
1372,1,0.07296312678916614
1373,3,0.2528984153494212
1374,1,0.15150388860232405
1375,1,0.04270319288836741
1376,1,0.04628044898182966
1377,1,0.06509137894101194
1378,1,0.32949819753928344
1379,1,0.03604073032641891
1380,3,0.12976618809907783
1381,1,0.27455741263240746
1382,1,0.12747578908136925
1383,3,0.15416451641381937
1384,1,0.04390711551054374
1385,3,0.1738100918485
1386,3,0.13383372788647188
1387,3,0.2454682163324082
1388,1,0.1281985699784316
1389,1,0.04239046511422181
1390,3,0.08393773287370468
1391,3,0.3295400020171742
1392,1,0.08288921466068287
1393,1,0.24546909282648308
1394,3,0.13153941284815648
1395,1,0.14926243094170838
1396,1,0.2869365672569991
1397,1,0.26637765684195625
1398,1,0.24408201074701524
1399,1,0.2024280081088321
1400,3,0.17646821142266503
1401,1,0.2558468605013544
1402,1,0.3771328098586514
1403,3,0.07415096774856852
1404,1,0.04505883678521142
1405,1,0.14491310998724086
1406,3,0.39519763181831147
1407,1,0.03608615599336616
1408,1,0.04081075722003012
1409,3,0.21538464260826176
1410,1,0.3683136228732248
1411,1,0.288027657924948
1412,1,0.03049010828663018
1413,3,0.08606957286849796
1414,1,0.23036935112406745
1415,3,0.14106010983405642
1416,3,0.22004016041900898
1417,1,0.22457268118337725
1418,1,0.10477506402123896
1419,1,0.3014770663632406
1420,1,0.03928134355146998
1421,3,0.17932525658671244
1422,3,0.0908724937903087
1423,1,0.2629194269937526
1424,1,0.2442289178711478
1425,1,0.03534021643415743
1426,3,0.3393382650151406
1427,1,0.07437766481391812
1428,1,0.06444715133976336
1429,1,0.03585695000695298
1430,1,0.08275386104911348
1431,1,0.081769077967495
1432,3,0.26559208648077465
1433,1,0.039989783039110965
1434,1,0.14387696987872334
1435,1,0.07674375675107689
1436,1,0.1586774376316109
1437,1,0.04067039117706468
1438,1,0.04173664009401923
1439,1,0.26181008996996014
1440,1,0.03304087611438408
1441,3,0.2766859028258971
1442,1,0.0448273025254929
1443,1,0.09468694305215243
1444,1,0.08602893443865431
1445,1,0.05284707567787665
1446,1,0.03830338779617384
1447,1,0.08643441318862252
1448,1,0.03881501331454444
1449,1,0.3766794416801611
1450,1,0.2980718902070937
1451,3,0.19050731360972328
1452,1,0.12469880619667523
1453,4,0.014597132697864106
1454,3,0.09784663774365039
1455,1,0.2508246804782809
1456,1,0.16689951476953924
1457,1,0.09436419042016801
1458,1,0.09852262798342706
1459,1,0.08805624698924766
1460,3,0.07237486400773074
1461,1,0.06283441573192805
1462,3,0.16948009022234622
1463,1,0.033280611530053864
1464,1,0.10010594476418594
1465,1,0.0375535755656793
1466,1,0.036622055615620486
1467,1,0.08665835379682335
1468,1,0.08331629500064858
1469,4,0.014901291723772638
1470,1,0.028589490503913767
1471,1,0.08074605904913662
1472,1,0.40746546135238726
1473,1,0.034230485836829194
1474,1,0.18327281623791286
1475,3,0.27613863719500303
1476,3,0.31420731333246393
1477,1,0.10066568591024161
1478,1,0.1079076357382093
1479,3,0.10734209874293447
1480,3,0.22348135662227783
1481,1,0.1671189146588215
1482,1,0.34642776881215376
1483,1,0.05285011324523459
1484,1,0.2369197573169381
1485,1,0.13951324287850783
1486,1,0.12874506889684073
1487,1,0.12033301369262223
1488,1,0.08507937487901221
1489,1,0.031235427477582636
1490,1,0.3767662452973457
1491,1,0.25929332201012384
1492,1,0.03577345332556021
1493,1,0.04164386746213114
1494,1,0.12609839127782105
1495,1,0.0880648701154392
1496,1,0.2241932325472722
1497,1,0.07802933915060947
1498,3,0.1944484657386996
1499,4,0.17811163493626747
1500,3,0.2179494048794995
1501,1,0.03829873347093539
1502,1,0.08173988955040595
1503,3,0.15922093494932807
1504,1,0.30188620028324675
1505,1,0.10517333070680263
1506,1,0.3209141654385831
1507,3,0.268310393045804
1508,1,0.038644334696765696
1509,1,0.041275385144331
1510,1,0.18473205187125685
1511,3,0.2197415726198748
1512,1,0.2711225037402786
1513,1,0.025605799219304157
1514,3,0.20200035876775468
1515,3,0.11357330490780104
1516,1,0.052944227039767394
1517,2,0.26976240047830613
1518,1,0.3307456897389588
1519,3,0.07620219614724787
1520,1,0.08137760194858698
1521,1,0.044712215434352595
1522,3,0.11225921679299883
1523,1,0.08693129949480098
1524,3,0.0764930005424298
1525,1,0.07698122856599685
1526,1,0.1629569805917951
1527,1,0.038779704647161205
1528,1,0.07308547058944448
1529,1,0.07533469389806835
1530,1,0.076869982894921
1531,1,0.04765814785619592
1532,1,0.11695947844524072
1533,1,0.05090188203096859
1534,1,0.05011837818094634
1535,3,0.3364636004435246
1536,3,0.2434586873332666
1537,1,0.0885425624916696
1538,3,0.19105817799970368
1539,1,0.043273504906805885
1540,1,0.264302507520203
1541,1,0.18582452836744978
1542,1,0.08104388442017343
1543,1,0.061309229538461754
1544,3,0.07787550585314769
1545,1,0.21687898658935614
1546,3,0.29528903686459274
1547,1,0.027049543158525015
1548,3,0.05701805221619619
1549,3,0.24773558964814574
1550,3,0.19050731360972328
1551,1,0.10475313760472335
1552,1,0.07132034098062015
1553,1,0.037230305992733664
1554,1,0.13946034998466578
1555,1,0.03650301624810519
1556,1,0.04109612730340466
1557,1,0.32949819753928344
1558,3,0.2445156751534513
1559,1,0.04274064540847157
1560,1,0.12194746093881044
1561,3,0.06803047610029857
1562,3,0.12802700027015637
1563,1,0.11365011311703563
1564,3,0.2737073193493481
1565,1,0.06809310348990523
1566,1,0.08052794684420554
1567,3,0.0858196760174875
1568,3,0.20877657179818132
1569,1,0.12470248740952566
1570,1,0.045933603215329785
1571,1,0.31206718550374146
1572,1,0.14528479836635716
1573,1,0.21610036356070716
1574,3,0.27266621474191555
1575,3,0.31604474826237455
1576,1,0.045295466783784925
1577,1,0.12976150131579395
1578,1,0.27160961482404794
1579,1,0.056868070793597805
1580,1,0.12195219106194935
1581,1,0.15048460494809685
1582,1,0.16294592760495977
1583,1,0.32519971200822606
1584,1,0.09782148701282588
1585,1,0.07898622400315304
1586,1,0.23159281016590416
1587,3,0.2506643202662481
1588,1,0.0927620610071408
1589,1,0.17274785059449654
1590,1,0.2642953884968256
1591,3,0.10193739885959804
1592,1,0.05049173266808401
1593,1,0.21687898658935614
1594,3,0.44767812655683
1595,1,0.14928489259540156
1596,1,0.13207513326433362
1597,1,0.30188620028324675
1598,1,0.26687860118138207
1599,1,0.047922246713636256
1600,1,0.041468615817374446
1601,1,0.03631185325868283
1602,1,0.10212989351913535
1603,1,0.05635317270467603
1604,3,0.17351687326807436
1605,1,0.051877909848372525
1606,3,0.10023070750193483
1607,3,0.23719627867665843
1608,4,0.13399598835717685
1609,1,0.22277516520142443
1610,1,0.08483058575790794
1611,1,0.08123397785402453
1612,1,0.3015503373451196
1613,1,0.30570470481632406
1614,3,0.12555852297032874
1615,1,0.07069936873365117
1616,1,0.32473887870378915
1617,1,0.2703873526992333
1618,1,0.2541733687137605
1619,1,0.08164626079932805
1620,1,0.0762191632018763
1621,1,0.14412565807799055
1622,1,0.05711878696453343
1623,1,0.1265358791137683
1624,4,0.12972479623632327
1625,1,0.13174115607348932
1626,1,0.18658343946444533
1627,3,0.2597781911722645
1628,1,0.07652021767565365
1629,1,0.24140309957115122
1630,1,0.054519538842261336
1631,1,0.21992535896940585
1632,1,0.27648436739796844
1633,1,0.09314032792778679
1634,1,0.03255140246542624
1635,1,0.05679470846580646
1636,3,0.21646388184565507
1637,4,0.14360596069752032
1638,1,0.12265583337951225
1639,1,0.27805915978129325
1640,1,0.2731411636519663
1641,1,0.042151986540938574
1642,3,0.19351166451315327
1643,1,0.19026971842692858
1644,1,0.048006961068959256
1645,3,0.07787550585314769
1646,1,0.039116633689515845
1647,1,0.033104372226727956
1648,3,0.21698219850051398
1649,1,0.05284707567787665
1650,1,0.05337591534821477
1651,1,0.12993763049646492
1652,1,0.03566135788642512
1653,1,0.046120444081021644
1654,3,0.24564591592395746
1655,3,0.2803504932097498
1656,1,0.027190435867074668
1657,3,0.2084153924622263
1658,1,0.263120405046299
1659,1,0.039465805008833746
1660,3,0.1955347894183917
1661,3,0.20101250438140783
1662,3,0.37553496635317196
1663,1,0.0775608396874854
1664,3,0.24375674125793656
1665,3,0.14851786603883665
1666,3,0.14824250648659315
1667,1,0.14728940726128467
1668,1,0.12830838062852862
1669,1,0.07851119704876963
1670,1,0.18346608385173058
1671,1,0.09669291936046097
1672,1,0.1725813592308495
1673,1,0.07772918769745002
1674,1,0.08845436482385322
1675,1,0.03627743242399496
1676,1,0.08756416488425568
1677,3,0.15018864858499767
1678,1,0.07716191149798485
1679,3,0.16950863899387877
1680,1,0.10583629979329012
1681,4,0.11867727388223334
1682,1,0.04813120696447963
1683,1,0.21687898658935614
1684,3,0.16524849904147174
1685,1,0.14381752753809654
1686,3,0.20496410209870292
1687,1,0.0
1688,1,0.0756127740802518
1689,1,0.14337216262066854
1690,1,0.07101814770024632
1691,1,0.08807992912321702
1692,1,0.08908364181310499
1693,1,0.052780315752150336
1694,2,0.3174541267975856
1695,1,0.171632758964814
1696,1,0.12952640344780852
1697,1,0.07083943439109716
1698,1,0.08064411484741865
1699,1,0.11156070619067372
1700,1,0.06943376836044582
1701,1,0.0316257227345927
1702,1,0.04270497472641501
1703,1,0.2598714567157373
1704,1,0.13064751767722893
1705,3,0.06799106242578293
1706,3,0.28029022430133754
1707,1,0.1745210539875302
1708,1,0.25364592761837745
1709,1,0.13739931873981642
1710,3,0.31887168717504
1711,1,0.14082174590774219
1712,1,0.10707373712840923
1713,1,0.09934112398729184
1714,3,0.16704101703683855
1715,1,0.20685974801952464
1716,1,0.02891508647693318
1717,3,0.1303880016244773
1718,1,0.07228660637669446
1719,1,0.12449777009159424
1720,1,0.20949103722612528
1721,1,0.03708684263442931
1722,3,0.16418629155401088
1723,1,0.03699142190583419
1724,1,0.09359142033603887
1725,3,0.2372973001705531
1726,1,0.11599247553943737
1727,1,0.05413639894528062
1728,1,0.08511520280018975
1729,1,0.0915943715870982
1730,1,0.07126515257046537
1731,1,0.3170006656455475
1732,1,0.057843102768339275
1733,1,0.14381752753809654
1734,3,0.18944831609403923
1735,3,0.2157271497353459
1736,1,0.038439609295741965
1737,1,0.050805906072812164
1738,1,0.12148190511422852
1739,1,0.1879863948243542
1740,1,0.03479254711278913
1741,1,0.2038755678330692
1742,3,0.16488680148297408
1743,1,0.05355581233641614
1744,1,0.13997463349399158
1745,1,0.02924923021900836
1746,3,0.30894102393957
1747,3,0.3780264925305772
1748,3,0.24650517500627167
1749,3,0.1808988816829108
1750,3,0.1019852017845301
1751,3,0.11879473092800143
1752,1,0.08407889491520786
1753,1,0.10019561958722742
1754,1,0.1261662444644456
1755,1,0.16808924920622087
1756,3,0.22989954113824196
1757,3,0.2330463236418878
1758,1,0.09173075722754713
1759,3,0.22421722412262554
1760,1,0.12528278041130803
1761,1,0.10002181898932513
1762,1,0.31554035336375996
1763,1,0.2771954252889438
1764,3,0.1814427507859036
1765,1,0.10728978573724779
1766,3,0.08431749482960926
1767,1,0.09309361487231939
1768,1,0.31554035336375996
1769,1,0.03418606085777215
1770,1,0.17188043039443957
1771,1,0.07149148007073411
1772,1,0.13853092343441104
1773,1,0.08767874843166738
1774,3,0.20991824249167307
1775,3,0.18903878749955735
1776,1,0.05374897854323955
1777,1,0.23451896534564887
1778,1,0.31554035336375996
1779,1,0.0867880777095173
1780,1,0.054194139738764024
1781,1,0.09471396298907489
1782,1,0.0484587265728469
1783,4,0.1423089205847221
1784,3,0.2990938958045936
1785,1,0.09233981166536182
1786,1,0.3251156707734918
1787,3,0.2689122415764335
1788,3,0.1165824890920473
1789,3,0.21845178100565493
1790,3,0.07518881649002095
1791,1,0.1185144752747075
1792,1,0.1341136643024841
1793,3,0.12629353063630155
1794,1,0.08846333346581808
1795,1,0.08364709904259288
1796,1,0.13351664390119936
1797,1,0.16230302733979834
1798,3,0.18944831609403923
1799,1,0.079473201072255
1800,1,0.1721451520876286
1801,1,0.2507898026614442
1802,1,0.055551475252289706
1803,1,0.09830661458696896
1804,1,0.1281641156053251
1805,1,0.08915217746021437
1806,1,0.06757719637209318
1807,1,0.13627393433256696
1808,1,0.045258008285250194
1809,1,0.08329675084444502
1810,3,0.11830855165467564
1811,1,0.10336472739459975
1812,1,0.0908138885290325
1813,1,0.12285485713541106
1814,1,0.09075556053033701
1815,1,0.18560778762872687
1816,1,0.10595237477725805
1817,1,0.12747183462484066
1818,1,0.2101515151679147
1819,1,0.03414188215609213
1820,1,0.09826302503417295
1821,1,0.30421073512534347
1822,3,0.10157477591908302
1823,1,0.0537766737149008
1824,3,0.2752834250594343
1825,1,0.0919395696157096
1826,3,0.23470209449093488
1827,1,0.12911101685276588
1828,1,0.1003833145149845
1829,1,0.08928576554654152
1830,1,0.2793464771672555
1831,1,0.20746904391609722
1832,1,0.10473783194995294
1833,1,0.2183557518998615
1834,1,0.09181118017428241
1835,1,0.13516753254925112
1836,3,0.19393236177697226
1837,1,0.1829615661212846
1838,1,0.09270905062836154
1839,1,0.04083468862505894
1840,1,0.10621126429328741
1841,1,0.1849623046741949
1842,1,0.2618829358859862
1843,1,0.18472554080291553
1844,1,0.10953937061537303
1845,3,0.09657545373573423
1846,3,0.5394738481555423
1847,1,0.21106895309173723
1848,1,0.09336372596995496
1849,3,0.1478811751224195
1850,1,0.0
1851,3,0.22614612283384844
1852,3,0.1955576050544543
1853,1,0.048911363555382156
1854,1,0.0362450209342246
1855,1,0.08529385071724102
1856,3,0.22195830774377034
1857,1,0.08298805649052071
1858,1,0.04133361768484396
1859,1,0.1795466079511327
1860,1,0.07150059267998227
1861,1,0.05285158933340497
1862,1,0.04446418168176045
1863,3,0.3973579143082977
1864,3,0.08809773032724044
1865,1,0.13853092343441104
1866,1,0.07761779929830792
1867,3,0.3213007007345728
1868,1,0.03372406046075088
1869,1,0.026162887665232858
1870,3,0.2717614021947494
1871,1,0.06952620937336382
1872,1,0.24731722008598292
1873,1,0.14628122694074006
1874,1,0.08886123486826702
1875,3,0.259363986297952
1876,1,0.155526642130907
1877,1,0.09567738455911323
1878,1,0.297133117126014
1879,1,0.08357797470514407
1880,1,0.3342268913367392
1881,1,0.057216119952507596
1882,1,0.1449842332479656
1883,1,0.22341668592528216
1884,1,0.052627950197172424
1885,1,0.12323890768503967
1886,1,0.12747183462484066
1887,1,0.05021210812233972
1888,1,0.1077060055271153
1889,3,0.10232449637648876
1890,1,0.2667008453508496
1891,1,0.26694750103380155
1892,1,0.04133678401016695
1893,1,0.12941998402393845
1894,1,0.14483337580819397
1895,3,0.18739988957055279
1896,1,0.16014270663164754
1897,1,0.11003741028891238
1898,1,0.2135401271726452
1899,1,0.08361314415579597
1900,3,0.18631073335819873
1901,1,0.10527490516033927
1902,1,0.06805943487834658
1903,3,0.3621385119600175
1904,1,0.2969635163893971
1905,3,0.2319817479909474
1906,3,0.18492281443370767
1907,3,0.15862061231223393
1908,1,0.14790679000595583
1909,3,0.2922184919942867
1910,1,0.3494907399122008
1911,1,0.0447858012113819
1912,1,0.25866445615388656
1913,3,0.2024360116344828
1914,1,0.35442105046831857
1915,1,0.08396072551498107
1916,3,0.09255783202322754
1917,1,0.11007578639183047
1918,1,0.3494907399122008
1919,1,0.08435950708050308
1920,1,0.15398429932376043
1921,3,0.20364292540113987
1922,3,0.13290261765426367
1923,1,0.19551921681536183
1924,1,0.04905863084128625
1925,3,0.1960856552148105
1926,1,0.046587486549720364
1927,1,0.09222550742849325
1928,3,0.2024360116344828
1929,1,0.26483820950300313
1930,1,0.03767362779150967
1931,1,0.08742283078848381
1932,1,0.2786452633521743
1933,1,0.2244652378147005
1934,1,0.03748856673849685
1935,1,0.11169813550414597
1936,1,0.11511633905786135
1937,1,0.040930364557539275
1938,3,0.15862061231223393
1939,1,0.34468759109201463
1940,3,0.10975822908546255
1941,1,0.04799166727877614
1942,4,0.011483789134379899
1943,1,0.29649655829902344
1944,3,0.2148915065541856
1945,1,0.05463317841409039
1946,1,0.08444315103256822
1947,1,0.09443731939388411
1948,3,0.29382160165060406
1949,1,0.31352152163286917
1950,1,0.19368205232095476
1951,1,0.10094677108927055
1952,1,0.3984096698226922
1953,3,0.22382023506523707
1954,1,0.3746687427493859
1955,2,0.3127945587750091
1956,1,0.047011283620351924
1957,1,0.10152894658154514
1958,3,0.23770903184022948
1959,3,0.09452198450089527
1960,3,0.12046177959847847
1961,1,0.04887756150983112
1962,1,0.0353691469317679
1963,3,0.46983370901725074
1964,3,0.11580431611957641
1965,3,0.48036083896020615
1966,1,0.032562666355507065
1967,1,0.252287461606409
1968,3,0.23302332750631266
1969,1,0.3215663925037737
1970,3,0.1746391893460056
1971,1,0.33712878939403673
1972,1,0.2272700064831656
1973,1,0.04055314713432763
1974,1,0.1406438888103762
1975,1,0.21302218454395722
1976,1,0.17734079840308925
1977,1,0.0807862101072527
1978,1,0.08847213777633278
1979,1,0.15716266981512989
1980,1,0.23286278115198722
1981,1,0.3494907399122008
1982,1,0.08640202775714736
1983,1,0.08419732416924874
1984,4,0.014725717323805437
1985,1,0.04922821238589403
1986,1,0.1543630111531557
1987,1,0.31683505200036677
1988,1,0.04270319288836741
1989,3,0.18993435322681626
1990,3,0.23483387907948278
1991,1,0.03668242070266607
1992,3,0.12298407623334599
1993,3,0.0774772754808011
1994,3,0.3239337983695575
1995,1,0.20980891975805133
1996,1,0.10313131601091727
1997,1,0.22140580128214643
1998,3,0.11489199389309245
1999,1,0.129297362512298
2000,1,0.08173961344272118
2001,3,0.10945515467332362
2002,1,0.08524796557208783
2003,1,0.0752308962980265
2004,1,0.27081133847893035
2005,3,0.1214637126094426
2006,1,0.1009681695040218
2007,1,0.081769077967495
2008,3,0.26559208648077465
2009,1,0.061567543711703435
2010,1,0.09563344712764302
2011,3,0.1871897592600223
2012,1,0.046231888447894776
2013,3,0.15576794832868823
2014,1,0.2570474243793136
2015,1,0.29371568562974626
2016,1,0.2022770626103928
2017,1,0.23614199199507066
2018,3,0.2645717508482417
2019,1,0.21539778255388123
2020,3,0.18346615263293065
2021,1,0.09872414963298917
2022,1,0.2653186222917649
2023,1,0.05059428885345059
2024,3,0.13533999308667835
2025,1,0.2149287763971356
2026,1,0.04029373727090613
2027,3,0.11265983786211771
2028,3,0.17141511114300703
2029,1,0.2045560209708456
2030,1,0.07698315702661518
2031,1,0.25724161705577764
2032,3,0.09207273782454593
2033,3,0.20590011543888795
2034,3,0.21537639222720611
2035,3,0.257510924781243
2036,1,0.21647452806522877
2037,1,0.05287243052648126
2038,1,0.10183841395086321
2039,1,0.3245719795603032
2040,3,0.31629403987038746
2041,1,0.11685200218920802
2042,1,0.14254715438229223
2043,1,0.2279882755663083
2044,1,0.15297227754504916
2045,1,0.04004252755509432
2046,1,0.04501461339186663
2047,1,0.043510137015359523
2048,3,0.26964183123221214
2049,4,0.16110790459399835
2050,3,0.2950699452954381
2051,1,0.0947512204243927
2052,1,0.12941998402393845
2053,1,0.04338562957729565
2054,3,0.1570025590654291
2055,3,0.2206947968852997
2056,1,0.17363074981590082
2057,3,0.21736430126790768
2058,1,0.07548879427572994
2059,1,0.13120080133045423
2060,3,0.19665349211682462
2061,1,0.047346083540851625
2062,3,0.11140864352615434
2063,1,0.037432437323269036
2064,1,0.052481922117680255
2065,3,0.31094155607347324
2066,3,0.20324531038115407
2067,1,0.0419479938136241
2068,1,0.2662016249837485
2069,1,0.21032948189529221
2070,1,0.16321174201529512
2071,3,0.09029533649696259
2072,1,0.21756991004534215
2073,1,0.14708404194098124
2074,3,0.2937714900418989
2075,3,0.12124861454882326
2076,1,0.1274475942705156
2077,3,0.09047770657501332
2078,1,0.1411619063804599
2079,3,0.28939476643004775
2080,1,0.03771398375171808
2081,1,0.3209141654385831
2082,1,0.09287390135870954
2083,1,0.033783904898749856
2084,1,0.09660463006274524
2085,1,0.043803521059314496
2086,3,0.29528903686459274
2087,3,0.10144427098279062
2088,3,0.2950699452954381
2089,1,0.23629442177235643
2090,1,0.3165569521017423
2091,3,0.19864162481486244
2092,3,0.10435251388758834
2093,1,0.04203805215647364
2094,3,0.21857855786301966
2095,1,0.11767675223267762
2096,1,0.06995038873611577
2097,3,0.2179494048794995
2098,3,0.7269299685881292
2099,3,0.13419481543848777
2100,3,0.19321704565525943
2101,1,0.09284295802841017
2102,1,0.27396404645109074
2103,1,0.04031984578537999
2104,1,0.11585037745092755
2105,1,0.029138906744991352
2106,1,0.2852527668531728
2107,1,0.09027024460507883
2108,1,0.1431722374800914
2109,3,0.17776555268396588
2110,1,0.25389480210594634
2111,1,0.2825288016627641
2112,1,0.13215827481328735
2113,1,0.17271257857273756
2114,1,0.08693129949480098
2115,1,0.047446344234999605
2116,1,0.12976150131579395
2117,3,0.10386167810353344
2118,1,0.041468615817374446
2119,3,0.15784341066412677
2120,1,0.03491438675539267
2121,3,0.11741947146332088
2122,1,0.11581200569652403
2123,1,0.3025178400735139
2124,1,0.10336147438796499
2125,1,0.32509059955775654
2126,1,0.12145851030425432
2127,1,0.056483305219982995
2128,3,0.22425147488252264
2129,1,0.2697822336496467
2130,1,0.05301003823934457
2131,1,0.10683133047259821
2132,3,0.19885670572437503
2133,1,0.10721004958101493
2134,1,0.037910804862231015
2135,1,0.03855414150122647
2136,1,0.2743032199042897
2137,3,0.1824317571274871
2138,1,0.12926358043997735
2139,1,0.1365838331495614
2140,1,0.08422805749356027
2141,1,0.24806931522066772
2142,1,0.1438463064223282
2143,1,0.2054970446255126
2144,1,0.045529100066942566
2145,3,0.07809100681383267
2146,1,0.035968118230442596
2147,1,0.43584887689961493
2148,1,0.2664752407431167
2149,1,0.12114774539009995
2150,1,0.2190062195470412
2151,1,0.09039233668528399
2152,1,0.2570474243793136
2153,1,0.03746434772630656
2154,1,0.2926630637385582
2155,1,0.10341524714946893
2156,1,0.043481068706829246
2157,1,0.28244173212123136
2158,1,0.04224748225032306
2159,3,0.23824597037013656
2160,1,0.0943691929150331
2161,1,0.04405012596087852
2162,1,0.0351154174012458
2163,1,0.03833336366784802
2164,1,0.0703079966187303
2165,1,0.06816066836148263
2166,1,0.3127516188327447
2167,1,0.15053868973899762
2168,1,0.31206718550374146
2169,3,0.2506643202662481
2170,1,0.03790795198085682
2171,1,0.2516496108913751
2172,1,0.16390336576334658
2173,1,0.24156163020449
2174,1,0.08881177428576278
2175,3,0.2284670359314091
2176,1,0.33670730720359876
2177,1,0.2844828796035217
2178,1,0.040064523860533344
2179,1,0.2464354385459328
2180,1,0.2666108232084249
2181,3,0.11412469776519304
2182,3,0.09236903138316263
2183,1,0.16376484721043943
2184,3,0.07988442515485715
2185,1,0.379867150137642
2186,1,0.04059481529866539
2187,1,0.08989848842944363
2188,3,0.12073574861288035
2189,1,0.19026971842692858
2190,3,0.2273989851157085
2191,3,0.18942500460434253
2192,1,0.11605323408003532
2193,3,0.3088704036504865
2194,1,0.08569813050865815
2195,1,0.0624391511617681
2196,1,0.13207513326433362
2197,3,0.17060672736999347
2198,1,0.17636796951159442
2199,1,0.2671668658060692
2200,1,0.263120405046299
2201,1,0.27160961482404794
2202,1,0.24280975116310158
2203,1,0.27531594887433225
2204,1,0.0993019627963053
2205,1,0.21490110179681984
2206,1,0.10066568591024161
2207,3,0.18353826483974167
2208,3,0.2384924120404179
2209,1,0.1725813592308495
2210,1,0.25160804307711615
2211,3,0.17265209978368454
2212,1,0.054727898046223855
2213,1,0.22711095228534672
2214,3,0.37553496635317196
2215,1,0.37305447892048094
2216,1,0.09131895070414968
2217,1,0.32817406165630025
2218,1,0.03607019991105026
2219,1,0.0693610746941132
2220,1,0.28336958496785714
2221,1,0.20719940574849383
2222,1,0.0863924894654847
2223,1,0.14436684921221402
2224,3,0.1357822232800245
2225,1,0.17046638928827348
2226,1,0.1115269260647053
2227,1,0.09861839807217267
2228,1,0.06377991259262841
2229,1,0.03733865643566217
2230,1,0.06133969135802691
2231,3,0.15833971517579296
2232,1,0.40468553104103233
2233,4,0.15649262585705914
2234,1,0.05711878696453343
2235,1,0.08814800296479494
2236,1,0.07733559003898363
2237,1,0.06209968988952371
2238,1,0.03491716327235238
2239,1,0.10092370753158099
2240,3,0.1971051320210556
2241,1,0.35522171540477593
2242,3,0.2685827173228953
2243,1,0.28329119616950776
2244,3,0.32483749516380195
2245,1,0.13257917521972934
2246,1,0.20177347702529247
2247,3,0.2581040074440988
2248,1,0.16718616317668958
2249,1,0.040559447481532424
2250,1,0.1953470064383392
2251,3,0.3247915949218579
2252,1,0.2670750851457908
2253,1,0.05105727949743383
2254,1,0.02924923021900836
2255,3,0.22348135662227783
2256,1,0.14970735850849978
2257,1,0.09268030848530809
2258,1,0.02723439235855359
2259,1,0.0993019627963053
2260,1,0.05788700400256529
2261,1,0.04281292257314885
2262,4,0.3955845200560893
2263,1,0.18971570048103775
2264,1,0.28885152274609793
2265,3,0.23052399949368418
2266,1,0.07149982232698268
2267,3,0.08230606225173043
2268,1,0.10164252109607316
2269,1,0.08043285075894532
2270,3,0.2877272540281015
2271,1,0.08879620482464216
2272,1,0.29780054588078936
2273,1,0.11657259483188534
2274,1,0.2770798969466092
2275,1,0.0345601055188665
2276,1,0.348008302528938
2277,3,0.053935900419079745
2278,3,0.08621054659592885
2279,1,0.2969423885368736
2280,3,0.18964847105201027
2281,1,0.0775608396874854
2282,3,0.11545994565815945
2283,1,0.17890651689142617
2284,1,0.13317436846605507
2285,1,0.17037518282490127
2286,3,0.308887807675284
2287,1,0.02736164657383737
2288,1,0.03918174221126316
2289,1,0.32817161441495113
2290,1,0.04685906042889705
2291,3,0.1694674916790327
2292,3,0.23951898411732384
2293,1,0.09555784419885416
2294,1,0.04692314831936699
2295,3,0.2728427469394944
2296,1,0.07735692044108408
2297,1,0.0845944538097202
2298,1,0.15494622436632333
2299,1,0.20805816394990032
2300,1,0.07530006851234591
2301,1,0.052442388439179394
2302,1,0.16948070137857563
2303,1,0.28224198449298316
2304,1,0.21469016532615723
2305,3,0.1267013865797233
2306,1,0.23561345860226962
2307,1,0.2108454074720356
2308,1,0.0885578156190523
2309,3,0.18978140188190146
2310,1,0.08955067332096525
2311,3,0.22647727204038953
2312,3,0.12565971598199877
2313,3,0.29603523223683526
2314,1,0.20872936405194137
2315,1,0.13542945676514878
2316,3,0.1915451061009606
2317,1,0.08388949579668303
2318,1,0.06209968988952371
2319,1,0.08627836226943456
2320,1,0.10707373712840923
2321,1,0.23247576296075229
2322,1,0.03275401752471099
2323,1,0.04903728805350912
2324,1,0.04116950688052467
2325,3,0.24650517500627167
2326,1,0.08602897152842805
2327,1,0.1251689862405656
2328,1,0.10019561958722742
2329,1,0.09669291936046097
2330,1,0.12611239182060677
2331,3,0.21354724496491298
2332,1,0.20090072965427636
2333,3,0.319090649073179
2334,3,0.1889699754819411
2335,1,0.07669356920253115
2336,1,0.04217790695577918
2337,1,0.0448583184618343
2338,1,0.09173075722754713
2339,1,0.11228463998818544
2340,1,0.040858368090317246
2341,1,0.14826258750993426
2342,1,0.19558357069858553
2343,1,0.25929332201012384
2344,1,0.03990031489547773
2345,1,0.09510503213373302
2346,1,0.11423451512873325
2347,1,0.04063414379729911
2348,1,0.0993019627963053
2349,1,0.03601905542201771
2350,1,0.23817249585046524
2351,1,0.28265505871599805
2352,3,0.13858338987775146
2353,3,0.08629517569645925
2354,3,0.08425214565734504
2355,1,0.33343701016095184
2356,1,0.12282324632708438
2357,1,0.15050075922721462
2358,1,0.1297471069999872
2359,1,0.05132072146762957
2360,1,0.24140309957115122
2361,1,0.0887739388731626
2362,3,0.13359977697700667
2363,3,0.23009275478393015
2364,1,0.09795769876608518
2365,3,0.3168662869920832
2366,1,0.09064386957593115
2367,1,0.07510578286201852
2368,3,0.25755742482288907
2369,1,0.08939923969381601
2370,1,0.103146709211554
2371,1,0.06097810928796413
2372,1,0.09999286461700399
2373,1,0.1501867467103159
2374,1,0.16808924920622087
2375,3,0.15718227183569156
2376,1,0.31883661078234493
2377,3,0.179370470304078
2378,1,0.04410909726167969
2379,3,0.1840769605132992
2380,1,0.10527490516033927
2381,1,0.09983346753687278
2382,1,0.23475747072095257
2383,1,0.06362324408408841
2384,3,0.15937616067248694
2385,1,0.2900336431992738
2386,1,0.09844774500292054
2387,1,0.11310301403970822
2388,1,0.132402348180073
2389,1,0.0373571899610578
2390,1,0.04364075721915325
2391,3,0.11365642137683307
2392,1,0.03209356265546377
2393,1,0.10434787042149485
2394,1,0.044845441732897395
2395,3,0.24200573061718283
2396,1,0.12092799846650831
2397,1,0.2037082994820233
2398,3,0.08002089214709479
2399,1,0.0808456781292325
2400,1,0.03782148158409186
2401,3,0.27924355426821895
2402,1,0.14272875851532382
2403,1,0.12187623730398728
2404,3,0.19208321684990726
2405,1,0.05213440800235678
2406,3,0.08049894152084631
2407,1,0.10856253112667497
2408,1,0.25096953734499056
2409,1,0.21592000984294885
2410,3,0.09737961676310807
2411,3,0.09497384218374326
2412,1,0.17569850072611737
2413,1,0.12441295892495827
2414,1,0.03497642314982837
2415,1,0.1018944599080921
2416,1,0.2298099740196836
2417,3,0.07737129958891209
2418,1,0.04292351604855131
2419,1,0.0955279803099949
2420,1,0.30938814766941314
2421,1,0.07562232444934791
2422,4,0.17059777536603746
2423,1,0.03649607886791001
2424,1,0.11822491786504352
2425,3,0.16129783296517197
2426,1,0.03151153190489709
2427,3,0.22647727204038953
2428,1,0.22874320349679444
2429,1,0.04768146728356226
2430,3,0.4959789057056301
2431,1,0.2817111532737073
2432,1,0.05112616268834064
2433,1,0.2344970384089792
2434,3,0.26382341910231133
2435,1,0.0435487364654851
2436,1,0.04718354615980869
2437,1,0.1126350172161392
2438,1,0.22450568562016365
2439,1,0.19588025795740077
2440,1,0.12174892159790691
2441,1,0.08230985239670399
2442,1,0.20602361995947896
2443,3,0.06367264734529104
2444,1,0.28075828491204613
2445,1,0.13183109509898427
2446,3,0.16782813837905872
2447,3,0.13967301790670564
2448,1,0.07788343351081353
2449,1,0.04712328045336158
2450,1,0.2309062945977569
2451,3,0.09324897206591172
2452,1,0.04579229737814433
2453,1,0.287248767589091
2454,1,0.08995310967859702
2455,1,0.23845496409755212
2456,1,0.11367844597936273
2457,1,0.1124227237679523
2458,3,0.11934376734962233
2459,1,0.07298706773658023
2460,1,0.2085092569411797
2461,1,0.2242203503753159
2462,3,0.3577678354646455
2463,1,0.09309361487231939
2464,4,0.1475445217435731
2465,1,0.09838484952656157
2466,1,0.13134318166536285
2467,1,0.3374363005809854
2468,1,0.03735686750159625
2469,3,0.12827130497511235
2470,1,0.2798928244202439
2471,3,0.2039937023739486
2472,1,0.0955279803099949
2473,3,0.22364831735538915
2474,3,0.22111625784606853
2475,1,0.17023063310544462
2476,3,0.1365099902045084
2477,1,0.08934942282675637
2478,1,0.03521166917259039
2479,1,0.15854729212636118
2480,1,0.30804463168100776
2481,1,0.04644047738848092
2482,1,0.08844151637302813
2483,3,0.24952743212652856
2484,4,0.1400081292568315
2485,3,0.12827130497511235
2486,1,0.09651197825034709
2487,1,0.06804393258030142
2488,1,0.24482563047906067
2489,1,0.0812120676514124
2490,3,0.392048573540152
2491,1,0.04133361768484396
2492,1,0.09506238433569791
2493,1,0.03459929033298528
2494,3,0.06733476840727196
2495,3,0.2876024876925777
2496,1,0.04489912853135282
2497,1,0.028957350211090416
2498,1,0.335009546450998
2499,1,0.06753623246214449
2500,3,0.1391426359008045
2501,1,0.07519999872001393
2502,1,0.03672172109323206
2503,1,0.07771225976729501
2504,1,0.11547359760778297
2505,1,0.05084632686091459
2506,1,0.08385726552307449
2507,3,0.3329235840231381
2508,3,0.11364360712782536
2509,3,0.2197415726198748
2510,1,0.1667888107882682
2511,3,0.09832345407894015
2512,3,0.12856093845181096
2513,1,0.22412161635923514
2514,1,0.04983928626899538
2515,1,0.055551475252289706
2516,1,0.19024867256178418
2517,3,0.12879234630167516
2518,3,0.23847387196430392
2519,1,0.101117376534137
2520,1,0.2884850199869067
2521,1,0.08883706504250181
2522,3,0.13565355297536283
2523,1,0.07898032645302805
2524,1,0.03979148401270996
2525,1,0.2869365672569991
2526,1,0.07874546007329788
2527,3,0.3108553405442637
2528,3,0.5394738481555423
2529,3,0.3359238442136885
2530,1,0.023697927164837054
2531,1,0.04769573690561395
2532,1,0.09934112398729184
2533,1,0.22325683508349636
2534,1,0.32718268233355496
2535,3,0.2608608341256995
2536,1,0.031490005745944155
2537,1,0.12180495457855164
2538,1,0.11311612872048474
2539,3,0.1072074876739701
2540,1,0.3080832969992932
2541,1,0.11628417686118403
2542,3,0.17176781979778155
2543,1,0.044151443561119434
2544,3,0.17183927968542329
2545,1,0.27847903689560427
2546,1,0.09931622788344971
2547,1,0.05171827207928213
2548,1,0.10217777911152703
2549,1,0.2608017629212788
2550,1,0.1905120760622906
2551,1,0.046387519039439974
2552,1,0.08438258116983807
2553,3,0.1784460912676767
2554,1,0.16099015786134585
2555,1,0.12854531188129703
2556,1,0.14242818482379396
2557,3,0.18523458768488896
2558,1,0.0795139104141335
2559,1,0.03996205531468289
2560,3,0.23470209449093488
2561,1,0.24799760510425015
2562,1,0.10217777911152703
2563,1,0.23750838804864252
2564,3,0.2289333198558492
2565,3,0.21144966545843868
2566,1,0.3028208500996058
2567,1,0.15569053927289447
2568,1,0.21578612985955758
2569,1,0.1438669606316565
2570,1,0.2040393667529442
2571,3,0.09729844274649924
2572,1,0.12070973489020206
2573,1,0.09451796485097749
2574,3,0.1394568610570972
2575,3,0.18897251930732256
2576,1,0.12702733326676402
2577,3,0.1935924180247593
2578,1,0.2138635678415272
2579,1,0.14637587583238865
2580,1,0.12777897394592042
2581,1,0.28191163448386625
2582,1,0.05645548348448108
2583,1,0.08766604190099994
2584,1,0.22351775513435607
2585,1,0.12165599130916727
2586,1,0.22457891979564795
2587,1,0.12462148210925196
2588,1,0.06181924324372199
2589,3,0.4731592595250861
2590,1,0.0915943715870982
2591,3,0.3868426267656673
2592,3,0.1178241336755575
2593,1,0.09336372596995496
2594,1,0.10086795417411257
2595,1,0.051534494672034886
2596,3,0.08809773032724044
2597,3,0.17183927968542329
2598,1,0.1712457640578634
2599,1,0.13731745241914045
2600,1,0.045295466783784925
2601,1,0.16685447615308585
2602,1,0.29262522540524166
2603,1,0.04973754756371454
2604,1,0.13291289504508408
2605,1,0.24757933289166673
2606,1,0.28531848369644336
2607,3,0.17126194613957507
2608,3,0.12465147847658105
2609,1,0.18375851337715798
2610,1,0.2974460195280377
2611,1,0.034636685146377896
2612,1,0.080234152484527
2613,1,0.1486219526294462
2614,3,0.13574988413365643
2615,1,0.29741258470989396
2616,1,0.13125499713249805
2617,1,0.04128107120169887
2618,1,0.21302218454395722
2619,1,0.04883001301270938
2620,1,0.20392453435878666
2621,3,0.18668895096273974
2622,3,0.09163309873034765
2623,1,0.0395000629550684
2624,1,0.20484747739563233
2625,3,0.22429169471623253
2626,1,0.04732824867301734
2627,1,0.055551475252289706
2628,3,0.07557515461639927
2629,1,0.13860234418868533
2630,1,0.12872398477850275
2631,1,0.04008519166687998
2632,3,0.10513540804095967
2633,1,0.12181674273700677
2634,1,0.07929893387144772
2635,1,0.14854976760546368
2636,1,0.14638934019522315
2637,3,0.14785700920941947
2638,1,0.10359574227421953
2639,1,0.04104985626901636
2640,3,0.20899315175628086
2641,1,0.15126807094092956
2642,1,0.08146623271980616
2643,1,0.09059849331977878
2644,1,0.14217569173979389
2645,1,0.23654619157064924
2646,3,0.19478518497972808
2647,1,0.12057429066589939
2648,1,0.0697290862625166
2649,1,0.07132034098062015
2650,1,0.037519324985507016
2651,1,0.2759651450707088
2652,1,0.05996276728071186
2653,3,0.26964183123221214
2654,1,0.12797902224546515
2655,1,0.05341583581406181
2656,3,0.06964264251065568
2657,1,0.0961586072433237
2658,3,0.12348242837760699
2659,1,0.27547751749188654
2660,1,0.09888850641568242
2661,3,0.10913809170860904
2662,1,0.04427240406294085
2663,1,0.4318859596505083
2664,1,0.17587850623207463
2665,1,0.13020474588994088
2666,1,0.293238474430027
2667,3,0.16630264710583084
2668,3,0.16743803993249567
2669,1,0.05413639894528062
2670,1,0.03708684263442931
2671,1,0.2454406141584405
2672,3,0.11451999829606467
2673,3,0.13701937091111707
2674,3,0.16797938680661667
2675,3,0.11553100709015426
2676,1,0.2253330877089031
2677,3,0.23482104107855617
2678,1,0.08565914625346915
2679,1,0.13384508927898126
2680,3,0.3218267175686534
2681,1,0.04034292523882571
2682,1,0.05049173266808401
2683,1,0.040964752141298424
2684,1,0.040930364557539275
2685,3,0.14155083508154034
2686,1,0.14232725050937461
2687,1,0.3152934297937282
2688,1,0.042342840889098274
2689,1,0.034762995434591944
2690,3,0.21746878537766368
2691,3,0.16176732102928162
2692,1,0.035674471911944755
2693,1,0.15914392393719562
2694,1,0.12286332566575466
2695,1,0.10191468166123328
2696,1,0.06171941665325052
2697,1,0.03743887230995392
2698,1,0.03945165778181879
2699,1,0.10782499130908163
2700,1,0.029337416401720023
2701,1,0.12923742352029505
2702,3,0.19512355346413324
2703,1,0.09211138491438976
2704,1,0.19219023710278652
2705,3,0.08377256976230396
2706,1,0.241328891273355
2707,1,0.03827512106629602
2708,1,0.25920693025425146
2709,1,0.25600843181004695
2710,1,0.054303377534907084
2711,3,0.08491465922739934
2712,1,0.03557039146355678
2713,3,0.08105149765868487
2714,1,0.31211936360479825
2715,1,0.18059853680756696
2716,1,0.09902037472607332
2717,1,0.14530244190616662
2718,3,0.10864741267215945
2719,1,0.10136986537972678
2720,3,0.20314385099001808
2721,1,0.038763063101599035
2722,1,0.03764093587657309
2723,1,0.10342661695715452
2724,3,0.35220817560010187
2725,1,0.07500525410179476
2726,1,0.208185919102178
2727,1,0.2440765464879203
2728,1,0.2618765413333749
2729,3,0.2520091575610931
2730,1,0.06798983188967941
2731,1,0.23247576296075229
2732,1,0.24790953447635325
2733,1,0.28772009487278605
2734,1,0.07234753132102595
2735,1,0.10587964575627914
2736,3,0.3247462117205747
2737,3,0.15518904152379787
2738,3,0.2694697553811219
2739,3,0.17449057273000718
2740,1,0.04104985626901636
2741,1,0.03767419687978768
2742,1,0.18918080714915728
2743,3,0.13701937091111707
2744,1,0.03894654090454505
2745,1,0.12576964182312128
2746,1,0.1352293970742765
2747,1,0.22368477738091255
2748,1,0.24657375347341237
2749,1,0.04813120696447963
2750,1,0.05465684477683756
2751,1,0.2780342416767686
2752,3,0.2574305742018031
2753,1,0.10072108717674594
2754,1,0.08659723481970738
2755,3,0.06693376620534124
2756,1,0.28820264306969146
2757,1,0.03577345332556021
2758,3,0.11479938690475108
2759,1,0.20560632229509873
2760,1,0.04563430952376893
2761,1,0.04168494699911167
2762,1,0.04008519166687998
2763,1,0.2418736142424671
2764,3,0.19450943762595235
2765,1,0.12991979647845084
2766,1,0.04011522898790382
2767,1,0.2902354517736141
2768,1,0.03925721753846349
2769,1,0.0464026606835872
2770,1,0.26483820950300313
2771,1,0.04270319288836741
2772,3,0.17781675840038322
2773,1,0.04419728971939477
2774,1,0.232962986968225
2775,1,0.3091188736359777
2776,1,0.04174117724790267
2777,1,0.08986781268384098
2778,3,0.1951290616650768
2779,1,0.029337416401720023
2780,1,0.23654619157064924
2781,1,0.0
2782,1,0.07774244393924079
2783,1,0.10576625513551563
2784,1,0.11910789878486902
2785,1,0.06669469313965085
2786,1,0.053123473062117316
2787,1,0.07801423124054338
2788,1,0.04446051673076395
2789,1,0.08053832517296225
2790,1,0.14079431275295085
2791,3,0.21413481765114856
2792,3,0.08103575172387886
2793,1,0.3006168889183236
2794,1,0.13221331799553732
2795,1,0.296438377047507
2796,3,0.27257173768141685
2797,1,0.0876291195458971
2798,1,0.32457466272377566
2799,3,0.268615250160589
2800,1,0.08596520456705589
2801,1,0.04501461339186663
2802,1,0.04424239009064888
2803,3,0.13892592860557765
2804,1,0.14708404194098124
2805,3,0.3549468439050102
2806,3,0.1879914000283689
2807,1,0.07767889867868596
2808,1,0.10583629979329012
2809,3,0.17025132903025153
2810,1,0.04424239009064888
2811,1,0.06797691274515463
2812,3,0.2381626543085178
2813,1,0.21080685455712714
2814,3,0.10658882605419834
2815,1,0.28820264306969146
2816,1,0.1607516748498391
2817,1,0.23494969224853413
2818,1,0.0928970424466403
2819,1,0.24276142425017316
2820,1,0.05131916016918583
2821,1,0.10179619127561147
2822,1,0.0
2823,3,0.09660552354146801
2824,1,0.08604171607851199
2825,1,0.0
2826,3,0.11899952334872921
2827,3,0.18837460269584883
2828,1,0.046961280184801946
2829,1,0.09651197825034709
2830,1,0.041468615817374446
2831,1,0.05013191526306015
2832,1,0.23494969224853413
2833,3,0.17167419899435737
2834,1,0.18525476565960733
2835,1,0.3424937702887999
2836,3,0.17776555268396588
2837,1,0.1409403247703953
2838,1,0.037500340401813825
2839,1,0.08080173288074359
2840,1,0.3209141654385831
2841,1,0.03974172485268769
2842,3,0.32047546719164777
2843,1,0.06804393258030142
2844,3,0.12144214944751525
2845,3,0.07808727347629794
2846,3,0.08543569106127741
2847,1,0.0
2848,4,0.12333268553376625
2849,1,0.20001480078111317
2850,1,0.05284707567787665
2851,1,0.28947902317488167
2852,1,0.23494969224853413
2853,1,0.08599999426622387
2854,1,0.2608017629212788
2855,3,0.2870525506642691
2856,1,0.04108014314305615
2857,3,0.20469158998661804
2858,1,0.04324452508589181
2859,1,0.13584269941289023
2860,1,0.035276165291432404
2861,3,0.1962298035844514
2862,1,0.04133801927247965
2863,1,0.4192546160988335
2864,3,0.19001720621008236
2865,3,0.2717614021947494
2866,1,0.2098442205517144
2867,3,0.0808413114640293
2868,3,0.2468665838379393
2869,1,0.040246185284208244
2870,1,0.20197202708423623
2871,1,0.14538048601382375
2872,1,0.12344123694235501
2873,1,0.035190144716263694
2874,1,0.2627312007559349
2875,1,0.15776267925128928
2876,3,0.08070417930690414
2877,3,0.10928489991185496
2878,3,0.3185338184919239
2879,1,0.15941870439390038
2880,3,0.08067946784844497
2881,3,0.311127050501161
2882,1,0.10887345409085482
2883,1,0.0464026606835872
2884,3,0.2394537363194355
2885,1,0.25162670898953465
2886,1,0.23494969224853413
2887,3,0.1286804745166427
2888,3,0.1950225119720567
2889,3,0.17167419899435737
2890,1,0.04449109826895256
2891,1,0.07751527117028228
2892,1,0.2200311727365662
2893,1,0.17353955023126816
2894,1,0.036293090926851485
2895,1,0.07751527117028228
2896,1,0.0983497599710719
2897,1,0.07600736234330319
2898,1,0.044949177745222654
2899,3,0.38330441446594576
2900,1,0.04853194263185233
2901,1,0.40125457774489615
2902,1,0.06171750663374614
2903,3,0.152761266334149
2904,1,0.2551872916229088
2905,3,0.2737272431463018
2906,3,0.17446189808152185
2907,1,0.05013191526306015
2908,1,0.11241428044498769
2909,1,0.040270200333601305
2910,3,0.20511855339442325
2911,1,0.11438501023552072
2912,1,0.22416471010556577
2913,1,0.31883661078234493
2914,1,0.12613967809010113
2915,3,0.3516305177786858
2916,1,0.21058773793399052
2917,1,0.09305722076152184
2918,1,0.04256681958311862
2919,1,0.292704611470269
2920,3,0.0968619308374684
2921,3,0.132944774689507
2922,3,0.16682245953361746
2923,3,0.09303403194189094
2924,1,0.034726454522342416
2925,1,0.04801778526251671
2926,1,0.34314772095124485
2927,1,0.11562913496475738
2928,1,0.0927620610071408
2929,3,0.139042169960438
2930,1,0.04638289867120399
2931,1,0.23461758469705454
2932,1,0.43584887689961493
2933,1,0.13810432367349493
2934,3,0.30441286683268814
2935,3,0.13337043599932796
2936,1,0.2817718494530447
2937,3,0.17814783428779252
2938,3,0.09709500386759422
2939,1,0.06796030925317768
2940,1,0.08824963868594013
2941,1,0.1413780554399957
2942,1,0.02924923021900836
2943,1,0.10513710105746318
2944,1,0.31206718550374146
2945,1,0.250511645408911
2946,1,0.10592413226590203
2947,3,0.19096902973038188
2948,3,0.08537156117366262
2949,3,0.11606892928801377
2950,1,0.07000839579925511
2951,3,0.17328233745830646
2952,3,0.2047059288130857
2953,3,0.15938813332973606
2954,1,0.08124860360790805
2955,1,0.09352461058006355
2956,3,0.0902230078898426
2957,1,0.1123862561127904
2958,1,0.0863924894654847
2959,1,0.033793412208035
2960,1,0.15194162437175796
2961,1,0.14563459470373435
2962,1,0.3742468951068707
2963,1,0.20194541823199122
2964,1,0.21713184897923848
2965,3,0.07776645311806495
2966,3,0.3205180713198511
2967,3,0.1654768943595651
2968,3,0.0919791723159024
2969,1,0.1119486474874371
2970,1,0.18849732163334612
2971,3,0.13488763828880496
2972,1,0.29800227806776575
2973,1,0.06847219907523645
2974,1,0.14869813386192096
2975,1,0.1899825366049342
2976,3,0.15981823043364635
2977,1,0.11748651613536493
2978,1,0.10961731913077254
2979,3,0.3205449706405614
2980,1,0.06791109063929901
2981,1,0.21166360236134585
2982,1,0.03760092502593047
2983,3,0.08180328840651385
2984,1,0.03632831448298396
2985,1,0.14988550197189102
2986,1,0.042414869764669634
2987,1,0.0475807606072771
2988,1,0.3060579680112131
2989,1,0.07652656891982884
2990,1,0.3125661058343437
2991,1,0.1337447690078319
2992,1,0.0714400503629583
2993,1,0.18608643667870642
2994,1,0.05311972083470765
2995,1,0.26274557301599477
2996,1,0.16689951476953924
2997,1,0.10456704802016006
2998,1,0.10821273648291582
2999,1,0.2346766670365203
3000,1,0.2501799377878255
3001,1,0.25483976977012235
3002,1,0.1333282857280742
3003,1,0.04275131387935313
3004,1,0.2634864747763805
3005,1,0.0775608396874854
3006,1,0.24800420008869034
3007,3,0.3168900903791794
3008,1,0.1662313682747169
3009,3,0.09348277704985175
3010,3,0.20177205403352932
3011,1,0.07626644452973716
3012,1,0.04853194263185233
3013,1,0.036667107969374245
3014,4,0.14051592542915373
3015,1,0.24795866262102756
3016,1,0.2768539862929108
3017,1,0.08627836226943456
3018,1,0.11057854554246574
3019,1,0.28488450363703405
3020,1,0.08823456961996856
3021,1,0.08928576554654152
3022,1,0.07793458466941866
3023,1,0.041258117778817355
3024,1,0.08493234883012707
3025,1,0.10637057302207772
3026,1,0.039917807001259506
3027,1,0.3027212157166042
3028,1,0.13159509793447655
3029,1,0.0363928824001537
3030,1,0.04217790695577918
3031,1,0.04234624385011425
3032,1,0.054944942954300316
3033,1,0.04116950688052467
3034,1,0.08915217746021437
3035,1,0.06071306612079198
3036,4,0.14760841852406809
3037,1,0.08928576554654152
3038,1,0.0366017212252199
3039,1,0.27023411947780446
3040,1,0.14398207165486843
3041,1,0.09050194323984324
3042,1,0.04463462279889584
3043,3,0.2685237274387451
3044,1,0.07373447149147891
3045,1,0.2773731741413007
3046,1,0.07563053796867922
3047,1,0.25293074640509383
3048,1,0.03261548198793035
3049,3,0.1019852017845301
3050,3,0.07938159026264224
3051,1,0.0888353456426218
3052,1,0.3526352600364883
3053,1,0.05600589423825007
3054,3,0.14332251288365958
3055,1,0.08191226534290864
3056,1,0.07580248317744283
3057,1,0.08915217746021437
3058,1,0.1205953519799635
3059,3,0.14850080379188063
3060,1,0.03270300997111614
3061,1,0.34554919680188384
3062,3,0.21681227248878826
3063,3,0.2774564737105755
3064,1,0.21469016532615723
3065,1,0.3054178101185341
3066,1,0.09669291936046097
3067,3,0.11879473092800143
3068,4,0.19588463923029073
3069,1,0.0448583184618343
3070,3,0.1935924180247593
3071,1,0.047011283620351924
3072,1,0.2835689420833386
3073,1,0.03990031489547773
3074,1,0.2685327140843481
3075,3,0.08819292338280783
3076,1,0.20880050474613487
3077,1,0.17673291227705207
3078,1,0.15019184796918902
3079,1,0.07601668936034017
3080,1,0.040758763932296355
3081,3,0.27257173768141685
3082,1,0.047333116957555224
3083,1,0.28645245425272275
3084,1,0.16316198621675862
3085,1,0.0849630542989307
3086,1,0.26576910320846775
3087,1,0.32243918460801635
3088,1,0.04913522319234972
3089,1,0.03893431969510956
3090,1,0.035085354424841446
3091,1,0.24115048877310644
3092,1,0.0908138885290325
3093,1,0.0993019627963053
3094,1,0.046263564486607664
3095,1,0.08181916445774624
3096,1,0.14995337882873544
3097,3,0.1914797588807049
3098,1,0.07495531420628052
3099,3,0.09789412187372482
3100,1,0.046587486549720364
3101,1,0.15399188861924135
3102,1,0.3001019572560656
3103,3,0.07664029964118318
3104,1,0.129297362512298
3105,1,0.19493844571267374
3106,3,0.1330062706954023
3107,1,0.037358279567167765
3108,3,0.08365429142131407
3109,1,0.05328394298308321
3110,1,0.09871512320293233
3111,1,0.3074107067529066
3112,1,0.08641688487880084
3113,1,0.20837612471433353
3114,3,0.11639663333052083
3115,1,0.09181118017428241
3116,1,0.03760629368098226
3117,3,0.20899091433106837
3118,1,0.20047966852400745
3119,1,0.11228463998818544
3120,1,0.21674667574658307
3121,4,0.1498136710609287
3122,1,0.035233903196601704
3123,1,0.24763170679913907
3124,1,0.03757449139095288
3125,3,0.21174111748933544
3126,1,0.09383746880767412
3127,1,0.09983346753687278
3128,3,0.30896096579824733
3129,3,0.10863999466829342
3130,3,0.1441892053617235
3131,1,0.0753556452014657
3132,1,0.045605643609031486
3133,3,0.27924355426821895
3134,1,0.16826786436352698
3135,1,0.09178411939774314
3136,1,0.10586835257387353
3137,1,0.24430929102591556
3138,1,0.1338087186328499
3139,1,0.2627328552429963
3140,1,0.11628174840363543
3141,1,0.0995982994015207
3142,1,0.10677885377973748
3143,3,0.15635547482896342
3144,1,0.12795028509849868
3145,1,0.15399793239198392
3146,1,0.13531731829783322
3147,3,0.17485311195775893
3148,1,0.04685906042889705
3149,3,0.07397204889295367
3150,1,0.31194206234250393
3151,1,0.1742608333426101
3152,1,0.17569850072611737
3153,1,0.04437377307427941
3154,1,0.16321174201529512
3155,3,0.20250524099268058
3156,1,0.03761112670417968
3157,1,0.09404754512425356
3158,3,0.1104974346766951
3159,1,0.21356698175035732
3160,1,0.27103205199134844
3161,1,0.21735306329054313
3162,3,0.08051410839728965
3163,3,0.1969996490210856
3164,1,0.039596860649836224
3165,1,0.16766727938933015
3166,3,0.20369814412555914
3167,1,0.22450355987600012
3168,3,0.2149855185853569
3169,1,0.2354537656996144
3170,1,0.1262375603537911
3171,1,0.24100531655025592
3172,1,0.14824522174428456
3173,3,0.1104974346766951
3174,1,0.05112616268834064
3175,1,0.18309935809917016
3176,1,0.1008855310129019
3177,3,0.12110707330772134
3178,1,0.04128037682612701
3179,1,0.11038038185988022
3180,3,0.10364271023492884
3181,3,0.2506643202662481
3182,3,0.06581464520286869
3183,1,0.11754270755509752
3184,1,0.04452717790503494
3185,1,0.07519999872001393
3186,3,0.20357168146997254
3187,3,0.15764461095877658
3188,1,0.20618625178013003
3189,1,0.07620290325209447
3190,1,0.31883661078234493
3191,1,0.0392395991828174
3192,1,0.24299035702445285
3193,1,0.18108080316464437
3194,3,0.09107154518579078
3195,1,0.07652021767565365
3196,1,0.043481068706829246
3197,1,0.12090833354024344
3198,1,0.1141621600496514
